ID,Type,Description,DateReported,Status,CitizenID
1,Road Construction,visualize seamless portals,1998-01-21 13:36:23,In Progress,831
2,Electricity,enable visionary supply-chains,1998-05-15 09:08:44,Completed,933
3,Electricity,reintermediate vertical users,2002-08-27 15:11:18,Not Started,775
4,Traffic Light,morph out-of-the-box ROI,2008-10-20 19:39:07,Completed,591
5,Sewer,drive intuitive initiatives,1998-07-12 20:59:24,Completed,185
6,Road Construction,generate rich schemas,2019-02-20 06:56:47,Completed,934
7,Pipeline,leverage collaborative web-readiness,2021-06-18 05:54:52,In Progress,393
8,Road Construction,disintermediate virtual channels,2015-04-19 15:12:18,In Progress,812
9,Traffic Light,integrate seamless interfaces,2008-02-03 13:16:16,Not Started,96
10,Powerline,transition intuitive action-items,2009-07-16 18:40:11,Completed,302
11,Road Construction,embrace robust bandwidth,2006-07-08 09:54:34,Not Started,542
12,Electricity,engineer best-of-breed architectures,2005-11-25 18:39:35,Not Started,187
13,Powerline,facilitate global e-commerce,2017-05-25 09:06:59,Not Started,12
14,Road Construction,monetize strategic relationships,2013-10-26 03:52:43,In Progress,522
15,Powerline,transform wireless experiences,2012-09-21 00:16:30,In Progress,813
16,Pipeline,brand bricks-and-clicks initiatives,2021-11-04 17:05:14,Not Started,514
17,Road Construction,synthesize user-centric schemas,2009-07-02 01:48:25,Completed,796
18,Sewer,reinvent clicks-and-mortar markets,2011-01-20 09:58:20,Completed,21
19,Sewer,maximize leading-edge methodologies,2010-10-13 23:55:57,In Progress,573
20,Road Construction,orchestrate enterprise relationships,2008-07-13 04:31:45,Completed,959
21,Powerline,drive best-of-breed e-tailers,2012-04-14 09:14:36,Completed,66
22,Road Construction,innovate granular infrastructures,2023-01-11 21:09:16,Not Started,68
23,Pipeline,extend plug-and-play channels,1999-12-23 22:23:02,In Progress,455
24,Traffic Light,architect clicks-and-mortar experiences,2021-06-20 12:06:05,Not Started,53
25,Traffic Light,innovate B2C supply-chains,2024-07-03 18:06:54,Completed,969
26,Sewer,deliver sexy initiatives,2002-08-28 15:35:00,Not Started,556
27,Road Construction,orchestrate bleeding-edge ROI,2002-12-07 11:12:50,In Progress,380
28,Traffic Light,brand turn-key e-services,2003-12-22 14:05:02,Not Started,34
29,Electricity,synergize next-generation communities,2015-11-22 12:05:41,Completed,584
30,Traffic Light,target impactful models,2006-06-19 09:08:49,In Progress,374
31,Powerline,deploy rich bandwidth,2012-11-13 21:23:59,Not Started,755
32,Sewer,empower B2C metrics,2015-04-26 20:15:13,In Progress,645
33,Electricity,iterate granular partnerships,2004-06-20 19:52:20,Not Started,402
34,Powerline,synergize granular infomediaries,2000-12-13 12:19:09,Completed,324
35,Electricity,innovate robust relationships,2001-02-03 22:31:33,Not Started,278
36,Powerline,target dot-com functionalities,1999-04-01 03:57:34,Not Started,652
37,Pipeline,expedite world-class synergies,2010-08-03 07:40:22,Not Started,860
38,Powerline,reinvent plug-and-play partnerships,2012-06-06 12:47:42,Not Started,943
39,Road Construction,exploit sexy synergies,2023-10-31 05:05:45,Completed,67
40,Sewer,exploit wireless methodologies,2019-09-15 07:12:09,Completed,142
41,Pipeline,cultivate 24/365 channels,2004-12-08 04:01:35,In Progress,638
42,Pipeline,maximize integrated experiences,2003-01-27 06:08:15,In Progress,145
43,Traffic Light,orchestrate holistic architectures,2024-05-28 07:46:35,Completed,696
44,Sewer,orchestrate bleeding-edge users,2007-10-27 18:37:34,In Progress,423
45,Powerline,engineer sticky infrastructures,1999-01-25 13:55:47,Completed,849
46,Traffic Light,scale next-generation mindshare,2007-09-27 00:28:34,Not Started,822
47,Traffic Light,incentivize distributed portals,1998-11-29 11:15:14,Completed,136
48,Pipeline,grow out-of-the-box metrics,2020-03-20 05:34:34,Completed,891
49,Sewer,matrix rich web services,2018-08-16 11:52:06,Not Started,441
50,Powerline,benchmark web-enabled web services,2023-01-16 02:38:12,Completed,801
51,Road Construction,e-enable bricks-and-clicks applications,1998-12-25 09:59:01,In Progress,833
52,Powerline,aggregate plug-and-play web-readiness,2015-12-21 07:31:04,In Progress,141
53,Sewer,empower granular supply-chains,2005-03-20 04:15:50,In Progress,383
54,Powerline,enable impactful markets,2000-11-12 20:49:35,Completed,295
55,Powerline,generate killer e-tailers,2013-01-12 14:03:20,In Progress,320
56,Traffic Light,expedite web-enabled infrastructures,2014-12-24 07:45:22,In Progress,161
57,Road Construction,generate bricks-and-clicks ROI,2021-07-17 04:14:56,Not Started,277
58,Sewer,grow proactive systems,2009-10-05 10:44:47,Not Started,709
59,Pipeline,disintermediate web-enabled experiences,2015-02-14 12:42:53,Completed,325
60,Pipeline,reintermediate enterprise mindshare,2004-05-19 22:59:12,In Progress,611
61,Electricity,transform strategic vortals,1998-09-20 14:29:53,Completed,411
62,Powerline,extend mission-critical content,2006-12-20 05:39:55,In Progress,489
63,Electricity,scale ubiquitous partnerships,2004-11-18 13:26:50,Not Started,613
64,Sewer,reinvent transparent portals,2022-11-27 06:34:02,Not Started,714
65,Pipeline,synthesize cross-platform platforms,2023-01-12 14:32:31,Not Started,639
66,Pipeline,empower best-of-breed communities,2020-09-07 05:58:28,Completed,117
67,Powerline,envisioneer enterprise eyeballs,2014-11-04 23:15:45,Not Started,736
68,Traffic Light,visualize customized bandwidth,2008-03-08 22:23:35,Not Started,49
69,Sewer,target open-source e-markets,2016-09-05 18:11:19,Completed,216
70,Pipeline,morph seamless infomediaries,2021-08-02 08:54:07,In Progress,224
71,Road Construction,enable impactful niches,2021-09-30 15:42:50,In Progress,224
72,Pipeline,generate real-time supply-chains,2003-01-29 17:27:32,Completed,941
73,Sewer,repurpose revolutionary functionalities,2023-01-04 04:27:26,Completed,659
74,Pipeline,benchmark bleeding-edge schemas,2024-04-23 04:13:06,Completed,7
75,Pipeline,monetize enterprise functionalities,2009-06-19 02:35:16,In Progress,5
76,Powerline,optimize cutting-edge networks,1999-12-21 09:36:36,Completed,322
77,Pipeline,disintermediate holistic experiences,2006-03-11 07:46:04,Not Started,183
78,Sewer,exploit user-centric relationships,2001-10-15 11:39:46,In Progress,328
79,Powerline,redefine 24/365 e-services,2002-03-13 18:47:46,Not Started,922
80,Road Construction,harness plug-and-play synergies,2014-01-28 11:34:12,Not Started,840
81,Sewer,mesh robust e-business,2018-03-20 14:13:46,Completed,305
82,Powerline,orchestrate cross-platform networks,2009-04-20 04:02:45,Not Started,452
83,Road Construction,visualize distributed action-items,2015-09-30 18:07:50,Not Started,649
84,Powerline,maximize killer paradigms,1999-03-19 22:22:28,Not Started,448
85,Sewer,aggregate collaborative systems,2008-04-10 17:14:38,Completed,672
86,Traffic Light,enhance interactive infomediaries,2013-01-13 09:30:58,Not Started,378
87,Traffic Light,utilize vertical e-services,2024-06-26 21:57:00,Completed,456
88,Road Construction,transform magnetic e-tailers,1998-06-06 16:37:02,Not Started,342
89,Electricity,brand dynamic technologies,2013-05-21 08:00:59,Not Started,48
90,Powerline,monetize out-of-the-box mindshare,2015-07-25 04:45:04,Not Started,901
91,Sewer,maximize intuitive applications,2005-06-14 05:46:03,Not Started,724
92,Road Construction,utilize strategic architectures,2006-03-24 08:31:29,Not Started,525
93,Electricity,streamline robust communities,2011-10-16 01:03:51,In Progress,228
94,Sewer,transition leading-edge schemas,2012-08-26 07:26:14,Not Started,87
95,Pipeline,seize strategic networks,2005-03-29 21:39:59,Not Started,747
96,Sewer,empower interactive niches,2006-07-25 06:27:26,Not Started,638
97,Road Construction,envisioneer back-end partnerships,2019-07-10 00:01:52,Completed,617
98,Sewer,harness wireless e-services,1998-04-17 17:25:40,Not Started,48
99,Sewer,reinvent front-end applications,1999-03-07 18:42:48,Not Started,426
100,Powerline,exploit impactful content,2009-02-28 03:01:13,Completed,781
101,Pipeline,benchmark best-of-breed interfaces,2003-04-21 01:39:02,In Progress,895
102,Electricity,facilitate sticky content,2020-08-19 06:34:29,Completed,164
103,Road Construction,visualize robust relationships,2021-01-01 14:56:27,Completed,837
104,Road Construction,expedite virtual metrics,2020-07-05 16:11:26,Completed,579
105,Road Construction,cultivate transparent markets,2023-07-08 19:33:34,Completed,60
106,Powerline,drive killer e-tailers,2004-09-29 20:13:24,Completed,286
107,Pipeline,implement value-added experiences,2011-05-17 14:33:43,Completed,346
108,Sewer,strategize front-end channels,2007-05-24 03:14:27,Not Started,356
109,Electricity,streamline distributed e-services,2011-07-04 06:52:52,Not Started,772
110,Road Construction,iterate world-class content,1998-09-06 02:15:24,Not Started,108
111,Road Construction,benchmark integrated partnerships,2024-04-11 05:37:07,Not Started,156
112,Electricity,empower next-generation functionalities,2011-10-10 03:38:49,In Progress,938
113,Electricity,expedite end-to-end schemas,2018-06-04 06:48:39,Completed,535
114,Powerline,matrix robust bandwidth,2000-05-29 13:13:14,In Progress,176
115,Powerline,incentivize mission-critical schemas,2020-06-13 22:46:01,Not Started,771
116,Pipeline,redefine next-generation supply-chains,2018-04-01 05:08:00,In Progress,903
117,Pipeline,matrix end-to-end channels,2006-06-01 22:51:37,In Progress,854
118,Road Construction,revolutionize scalable solutions,2015-11-25 00:39:27,Not Started,120
119,Electricity,embrace front-end portals,2009-04-29 04:18:02,Completed,971
120,Sewer,brand back-end niches,2005-10-25 06:37:27,Not Started,684
121,Traffic Light,seize robust niches,2006-04-17 20:51:48,In Progress,126
122,Electricity,utilize best-of-breed ROI,2021-11-07 01:24:18,In Progress,63
123,Sewer,redefine leading-edge portals,2016-04-30 08:16:49,Completed,99
124,Road Construction,incentivize killer portals,2011-05-31 11:28:09,Not Started,255
125,Road Construction,synthesize best-of-breed networks,2003-08-09 16:19:30,Completed,631
126,Electricity,whiteboard viral experiences,2022-01-13 00:41:32,Completed,521
127,Pipeline,optimize front-end e-markets,2013-12-09 12:44:14,Completed,461
128,Road Construction,maximize front-end methodologies,2022-07-28 15:37:00,In Progress,294
129,Sewer,implement magnetic web services,2019-01-10 06:05:18,Completed,844
130,Traffic Light,generate 24/365 metrics,2018-08-17 14:54:35,Completed,784
131,Pipeline,unleash strategic deliverables,2019-02-02 12:02:22,Not Started,165
132,Traffic Light,engage bricks-and-clicks e-services,2023-07-23 13:06:43,In Progress,883
133,Electricity,synthesize intuitive e-markets,2024-06-26 16:32:29,In Progress,999
134,Pipeline,empower wireless deliverables,2001-01-27 12:47:38,Completed,84
135,Traffic Light,scale web-enabled bandwidth,2022-02-25 10:44:37,Completed,790
136,Traffic Light,innovate clicks-and-mortar channels,2021-07-27 18:55:55,Completed,421
137,Sewer,brand cross-media markets,2017-11-16 22:23:25,Completed,255
138,Powerline,harness enterprise paradigms,2008-09-30 17:46:54,In Progress,189
139,Road Construction,architect front-end vortals,2011-08-09 01:48:08,Not Started,149
140,Pipeline,reinvent user-centric markets,2005-09-17 04:24:08,Not Started,351
141,Traffic Light,strategize open-source schemas,2023-09-27 08:00:00,In Progress,321
142,Pipeline,disintermediate bleeding-edge niches,2015-11-25 10:05:19,Not Started,311
143,Sewer,extend strategic solutions,2011-07-11 02:54:56,Completed,184
144,Electricity,synthesize magnetic infomediaries,1999-08-20 14:24:09,In Progress,353
145,Road Construction,benchmark plug-and-play models,2001-04-27 10:30:47,Completed,586
146,Electricity,incubate wireless metrics,1998-03-05 07:00:48,Not Started,932
147,Electricity,evolve bleeding-edge e-tailers,2001-08-19 22:02:30,In Progress,973
148,Traffic Light,reinvent 24/7 niches,2022-07-04 01:02:37,In Progress,431
149,Pipeline,visualize out-of-the-box platforms,2016-10-23 13:03:31,In Progress,509
150,Powerline,orchestrate cross-media systems,2002-02-05 15:06:06,In Progress,139
151,Electricity,streamline back-end mindshare,2021-08-28 00:54:51,Not Started,21
152,Road Construction,synergize proactive experiences,2023-01-16 07:36:03,In Progress,143
153,Electricity,streamline customized deliverables,2019-05-23 02:48:53,Completed,63
154,Sewer,orchestrate sticky infrastructures,2010-08-16 01:06:06,In Progress,7
155,Pipeline,seize scalable relationships,2018-01-30 19:09:32,In Progress,664
156,Powerline,morph transparent eyeballs,2022-03-31 15:19:58,Not Started,151
157,Electricity,repurpose next-generation solutions,2015-09-19 17:48:50,Completed,673
158,Pipeline,deploy visionary vortals,2012-04-01 16:16:28,Not Started,635
159,Sewer,brand synergistic e-business,2004-02-20 05:49:55,In Progress,297
160,Powerline,incentivize impactful communities,2005-10-28 16:06:45,In Progress,905
161,Traffic Light,architect sexy communities,2002-02-27 11:40:17,Completed,304
162,Powerline,synergize dynamic e-tailers,2022-09-23 17:07:26,Not Started,244
163,Traffic Light,engineer user-centric solutions,2005-09-26 17:55:08,Not Started,614
164,Powerline,transform frictionless interfaces,2011-03-04 11:24:12,Completed,6
165,Traffic Light,utilize collaborative ROI,2005-05-16 21:29:37,Not Started,739
166,Road Construction,visualize collaborative action-items,2000-12-19 01:53:20,In Progress,411
167,Sewer,orchestrate plug-and-play metrics,2022-03-08 06:29:13,Completed,607
168,Road Construction,engineer ubiquitous infrastructures,2019-12-24 20:08:17,In Progress,181
169,Pipeline,transform extensible applications,2008-11-30 06:06:53,Not Started,759
170,Road Construction,synthesize 24/365 experiences,2000-08-03 11:02:19,In Progress,681
171,Sewer,leverage magnetic partnerships,2007-10-28 11:49:29,Not Started,885
172,Road Construction,scale compelling solutions,2017-07-04 13:57:22,In Progress,360
173,Pipeline,envisioneer proactive schemas,2021-11-09 14:36:43,Completed,231
174,Traffic Light,utilize interactive niches,2022-09-28 15:49:31,Not Started,215
175,Road Construction,reinvent holistic platforms,2009-11-08 00:31:51,In Progress,411
176,Road Construction,deliver front-end users,2006-06-21 05:03:03,Completed,805
177,Road Construction,incentivize viral platforms,2022-01-15 17:49:03,Not Started,852
178,Pipeline,visualize real-time interfaces,2008-09-23 07:33:56,Completed,912
179,Powerline,unleash holistic platforms,2008-07-16 07:29:51,Not Started,487
180,Electricity,visualize dot-com functionalities,2017-12-14 20:40:44,In Progress,657
181,Electricity,productize turn-key portals,2023-12-02 03:38:21,Not Started,26
182,Traffic Light,generate collaborative vortals,2018-05-31 09:55:40,Not Started,886
183,Road Construction,envisioneer real-time communities,1998-02-24 16:31:24,Completed,28
184,Sewer,benchmark plug-and-play e-services,2007-12-24 08:31:57,Not Started,32
185,Pipeline,transition mission-critical users,2012-06-14 01:03:09,In Progress,305
186,Pipeline,transform seamless infrastructures,2011-07-27 17:53:20,Completed,267
187,Electricity,synergize next-generation platforms,2017-06-28 11:56:13,Completed,215
188,Electricity,deliver dot-com convergence,2015-01-24 23:12:02,Completed,122
189,Electricity,integrate frictionless bandwidth,2024-04-15 07:16:34,In Progress,583
190,Pipeline,revolutionize next-generation web-readiness,2021-01-30 20:13:39,Completed,371
191,Electricity,synthesize bricks-and-clicks initiatives,2010-12-06 22:56:37,Completed,163
192,Pipeline,strategize back-end deliverables,2013-03-24 11:16:54,In Progress,220
193,Electricity,benchmark back-end relationships,2023-04-10 18:06:43,In Progress,734
194,Powerline,engage real-time methodologies,2018-08-12 17:42:12,In Progress,770
195,Road Construction,reintermediate synergistic platforms,2004-01-12 06:36:06,Not Started,717
196,Electricity,deliver viral convergence,2022-02-09 19:19:34,Completed,366
197,Road Construction,architect killer paradigms,2006-01-02 22:54:42,Not Started,533
198,Road Construction,repurpose viral markets,2013-02-28 13:29:34,Not Started,640
199,Road Construction,harness impactful methodologies,2020-02-16 18:41:38,In Progress,545
200,Pipeline,utilize e-business vortals,2020-01-13 01:27:26,Not Started,586
201,Pipeline,revolutionize visionary technologies,2021-08-22 22:24:09,Not Started,92
202,Sewer,deploy efficient networks,2003-01-03 01:53:26,Not Started,252
203,Powerline,engineer dynamic models,1997-08-06 09:27:31,Not Started,452
204,Sewer,expedite enterprise e-tailers,1999-08-29 23:08:45,In Progress,813
205,Sewer,benchmark killer interfaces,2005-09-12 16:56:51,Not Started,549
206,Traffic Light,productize e-business communities,2024-06-11 00:25:30,Completed,627
207,Electricity,whiteboard scalable technologies,2011-07-19 04:51:43,Not Started,987
208,Electricity,empower world-class eyeballs,2002-02-08 05:13:41,Not Started,856
209,Powerline,drive next-generation portals,2022-03-22 11:33:06,Not Started,809
210,Pipeline,mesh magnetic web services,2023-03-06 18:51:52,Not Started,10
211,Sewer,facilitate B2C e-commerce,2022-02-05 23:17:09,Completed,428
212,Traffic Light,exploit enterprise functionalities,2018-08-26 03:43:38,Not Started,675
213,Road Construction,enhance 24/7 convergence,2007-10-14 16:20:49,Completed,881
214,Electricity,utilize sexy schemas,2009-03-26 12:32:34,Completed,418
215,Traffic Light,generate revolutionary vortals,2022-07-21 23:41:58,Not Started,254
216,Powerline,empower best-of-breed content,2010-08-20 10:19:48,Not Started,281
217,Road Construction,embrace efficient infomediaries,2000-05-09 15:36:53,Completed,866
218,Traffic Light,innovate distributed channels,2014-02-02 04:51:57,Not Started,82
219,Electricity,drive strategic e-commerce,2002-05-13 17:19:24,Completed,27
220,Traffic Light,transition leading-edge schemas,2018-07-26 17:03:11,Completed,122
221,Pipeline,optimize best-of-breed e-tailers,2004-02-29 10:23:19,Not Started,589
222,Traffic Light,repurpose leading-edge functionalities,2016-03-29 04:16:46,In Progress,307
223,Road Construction,disintermediate open-source eyeballs,2002-11-05 16:41:19,Not Started,891
224,Electricity,strategize bleeding-edge synergies,2005-03-10 03:50:30,Completed,360
225,Traffic Light,scale extensible supply-chains,2022-07-03 19:22:24,Not Started,578
226,Powerline,maximize best-of-breed bandwidth,2021-11-27 18:41:52,Completed,746
227,Powerline,redefine magnetic technologies,2020-12-04 16:56:18,Not Started,783
228,Sewer,iterate B2C e-services,2015-07-07 05:40:26,In Progress,794
229,Electricity,orchestrate proactive metrics,2012-02-19 00:30:17,Not Started,641
230,Traffic Light,deliver viral infrastructures,2020-03-02 17:17:59,Not Started,328
231,Road Construction,expedite turn-key applications,2023-05-08 08:45:13,Completed,167
232,Electricity,redefine synergistic deliverables,2010-05-02 14:54:24,In Progress,222
233,Powerline,empower value-added systems,2019-02-09 04:26:08,Not Started,936
234,Electricity,generate wireless schemas,2020-07-29 20:17:45,In Progress,306
235,Powerline,cultivate turn-key functionalities,2000-10-14 00:19:01,In Progress,568
236,Traffic Light,visualize cutting-edge users,2003-09-03 11:43:47,In Progress,350
237,Powerline,recontextualize user-centric partnerships,2020-10-03 18:19:05,Not Started,180
238,Electricity,enhance visionary deliverables,2010-06-27 12:27:31,In Progress,687
239,Road Construction,reintermediate innovative web-readiness,2006-04-28 16:13:10,In Progress,493
240,Road Construction,seize real-time interfaces,2010-01-27 03:30:03,Completed,212
241,Sewer,evolve granular experiences,2018-09-09 11:00:10,Not Started,65
242,Powerline,reintermediate B2C schemas,2013-10-15 12:42:11,Completed,250
243,Road Construction,enhance holistic e-markets,2020-09-17 13:13:02,Completed,293
244,Pipeline,scale back-end e-services,2011-06-05 07:27:23,Completed,395
245,Sewer,target ubiquitous eyeballs,1998-11-08 16:26:48,Not Started,456
246,Powerline,incubate cross-platform experiences,2010-01-15 19:20:22,In Progress,648
247,Traffic Light,deliver revolutionary platforms,2006-11-07 21:04:07,In Progress,268
248,Powerline,visualize granular methodologies,2024-06-27 04:00:54,Completed,240
249,Road Construction,leverage compelling communities,2020-07-04 20:26:55,Completed,243
250,Electricity,aggregate rich methodologies,2020-09-29 20:41:58,In Progress,809
251,Powerline,implement killer synergies,2013-01-26 04:55:50,In Progress,958
252,Electricity,innovate transparent action-items,2001-01-09 19:00:15,Not Started,479
253,Road Construction,recontextualize interactive models,2016-02-06 10:32:44,Not Started,192
254,Sewer,transition extensible e-commerce,2006-08-04 11:52:47,Not Started,360
255,Powerline,brand value-added e-markets,1999-09-30 13:23:22,Not Started,730
256,Traffic Light,cultivate web-enabled vortals,2015-02-19 16:28:20,Completed,861
257,Pipeline,expedite front-end mindshare,2014-12-18 18:04:54,In Progress,224
258,Road Construction,integrate turn-key niches,2013-01-07 21:05:11,In Progress,848
259,Road Construction,target collaborative bandwidth,2018-10-17 14:15:09,Completed,959
260,Road Construction,engage bricks-and-clicks metrics,2007-07-02 05:21:03,Not Started,364
261,Road Construction,incentivize impactful metrics,1999-09-17 10:10:11,In Progress,8
262,Sewer,brand distributed eyeballs,2014-01-14 18:22:57,In Progress,765
263,Pipeline,revolutionize plug-and-play channels,2001-03-05 21:13:45,In Progress,815
264,Powerline,repurpose bricks-and-clicks channels,2021-04-25 08:55:57,In Progress,407
265,Pipeline,scale value-added e-tailers,2022-03-25 06:36:04,Not Started,359
266,Pipeline,unleash B2C networks,1998-09-13 08:49:54,Not Started,234
267,Pipeline,strategize leading-edge content,2004-04-23 14:30:28,Completed,159
268,Road Construction,recontextualize sexy platforms,2001-09-24 04:15:16,In Progress,813
269,Sewer,recontextualize innovative applications,2002-04-07 23:06:06,Completed,336
270,Road Construction,generate real-time markets,1999-09-01 21:04:34,Not Started,400
271,Traffic Light,embrace user-centric functionalities,2003-03-08 20:36:45,Not Started,106
272,Pipeline,generate front-end convergence,2003-02-13 16:32:43,Not Started,522
273,Road Construction,repurpose granular deliverables,2024-06-15 23:46:36,Not Started,784
274,Pipeline,repurpose frictionless technologies,2001-01-20 18:56:34,In Progress,562
275,Sewer,innovate integrated e-commerce,2015-05-21 00:20:12,Completed,752
276,Sewer,brand ubiquitous initiatives,2014-03-31 12:03:15,Completed,396
277,Sewer,brand out-of-the-box networks,1999-05-28 09:19:26,In Progress,467
278,Traffic Light,exploit magnetic portals,2015-07-07 04:26:39,In Progress,483
279,Pipeline,matrix world-class models,2019-09-28 03:30:33,In Progress,377
280,Electricity,whiteboard cross-platform e-tailers,1998-12-22 18:00:03,Not Started,724
281,Electricity,incubate front-end e-commerce,1998-07-23 21:54:03,Completed,564
282,Traffic Light,productize best-of-breed e-commerce,2000-08-06 03:54:32,Not Started,54
283,Traffic Light,transition bricks-and-clicks e-commerce,2006-07-19 08:47:02,Completed,286
284,Road Construction,extend scalable solutions,2015-02-19 20:32:45,Not Started,97
285,Electricity,productize revolutionary portals,2013-03-20 10:27:14,Not Started,979
286,Powerline,innovate 24/365 networks,2020-03-31 07:49:14,Completed,954
287,Pipeline,mesh world-class niches,2012-09-22 11:57:42,In Progress,768
288,Pipeline,iterate front-end systems,2013-05-21 19:46:34,In Progress,61
289,Road Construction,optimize dot-com channels,2019-05-20 00:51:04,Not Started,177
290,Traffic Light,harness visionary e-services,2013-04-18 04:35:44,Not Started,461
291,Road Construction,recontextualize strategic web-readiness,2014-10-14 10:41:48,In Progress,775
292,Traffic Light,productize out-of-the-box niches,2024-03-09 23:45:05,Not Started,871
293,Sewer,productize compelling web services,2001-06-04 02:05:38,Completed,427
294,Powerline,syndicate scalable web-readiness,2002-11-06 10:41:36,In Progress,277
295,Traffic Light,innovate end-to-end partnerships,2022-10-26 20:18:54,In Progress,643
296,Electricity,empower plug-and-play action-items,2019-07-13 02:40:39,In Progress,582
297,Sewer,cultivate virtual metrics,2018-03-05 10:38:08,In Progress,720
298,Electricity,repurpose extensible channels,2020-02-19 00:51:27,Not Started,799
299,Road Construction,exploit collaborative web-readiness,2014-10-29 11:41:11,In Progress,593
300,Traffic Light,deploy one-to-one communities,2017-11-08 23:18:04,Completed,226
301,Electricity,grow killer mindshare,2008-03-03 00:51:09,In Progress,953
302,Powerline,extend killer convergence,2000-03-31 16:14:32,In Progress,707
303,Pipeline,reintermediate world-class markets,2006-07-01 10:12:21,Completed,257
304,Traffic Light,deliver world-class infrastructures,2000-08-18 04:57:20,Not Started,759
305,Sewer,enhance out-of-the-box web services,2002-04-25 20:03:04,Completed,618
306,Sewer,redefine distributed bandwidth,2008-07-22 08:15:29,In Progress,95
307,Sewer,harness integrated e-markets,2004-10-16 10:25:40,Not Started,392
308,Traffic Light,recontextualize front-end niches,2009-08-27 20:04:41,Not Started,459
309,Pipeline,deliver real-time paradigms,2018-05-01 20:34:42,Not Started,73
310,Pipeline,strategize virtual solutions,2018-11-18 23:02:31,Not Started,727
311,Powerline,revolutionize cutting-edge metrics,2014-11-02 17:53:21,Not Started,466
312,Road Construction,engage mission-critical solutions,2024-04-17 13:31:43,Not Started,619
313,Road Construction,grow front-end action-items,2011-02-27 22:59:45,Completed,473
314,Powerline,facilitate bricks-and-clicks initiatives,2000-01-29 00:03:37,Completed,803
315,Sewer,redefine transparent methodologies,2022-04-28 14:14:26,Completed,571
316,Pipeline,optimize B2C e-services,2006-11-18 09:21:53,Completed,515
317,Road Construction,harness sexy metrics,2022-10-28 16:49:49,In Progress,964
318,Electricity,benchmark real-time action-items,2020-09-30 23:01:45,Not Started,173
319,Pipeline,orchestrate ubiquitous ROI,2015-06-19 06:58:30,In Progress,115
320,Road Construction,grow scalable infrastructures,2007-11-20 19:07:54,In Progress,911
321,Pipeline,implement enterprise convergence,2001-05-11 06:12:32,Not Started,765
322,Road Construction,architect transparent ROI,2008-09-14 08:40:58,In Progress,939
323,Powerline,reintermediate customized supply-chains,2017-06-15 03:35:30,In Progress,724
324,Traffic Light,incubate extensible relationships,2014-07-16 23:24:51,In Progress,172
325,Powerline,utilize plug-and-play partnerships,2007-02-05 22:23:15,Not Started,636
326,Pipeline,e-enable B2B e-tailers,2007-11-03 02:01:25,Not Started,664
327,Sewer,whiteboard ubiquitous e-markets,2018-08-09 21:56:43,Completed,915
328,Powerline,whiteboard B2C experiences,2004-02-15 20:56:29,Completed,735
329,Powerline,brand end-to-end infrastructures,2009-08-14 22:13:04,In Progress,901
330,Electricity,scale 24/7 experiences,2022-02-16 04:41:25,In Progress,499
331,Traffic Light,syndicate B2B communities,2001-07-23 03:37:44,Completed,797
332,Pipeline,facilitate value-added applications,1998-07-28 16:11:43,Not Started,911
333,Sewer,seize holistic vortals,2019-07-20 14:36:44,In Progress,252
334,Traffic Light,enhance world-class infrastructures,2014-03-12 08:32:50,Not Started,101
335,Electricity,iterate dynamic supply-chains,2011-09-01 00:06:37,Completed,761
336,Road Construction,reintermediate viral systems,2023-02-15 13:25:11,In Progress,723
337,Electricity,exploit mission-critical e-markets,2017-01-21 16:37:18,In Progress,485
338,Powerline,expedite cutting-edge paradigms,2012-07-30 20:30:57,In Progress,7
339,Sewer,synergize innovative deliverables,2003-01-29 17:14:48,Completed,208
340,Powerline,enable granular markets,2017-03-18 19:27:51,Completed,753
341,Traffic Light,implement real-time interfaces,2017-06-05 16:58:55,In Progress,159
342,Road Construction,syndicate user-centric architectures,2007-04-30 07:01:05,Completed,723
343,Powerline,empower open-source networks,1998-06-21 16:10:39,In Progress,354
344,Sewer,maximize intuitive paradigms,1999-09-29 20:18:02,Completed,952
345,Road Construction,drive collaborative experiences,2012-12-16 10:05:26,Not Started,244
346,Road Construction,streamline compelling architectures,2003-05-17 08:07:48,Not Started,989
347,Electricity,transform vertical paradigms,2011-09-17 00:51:30,In Progress,613
348,Powerline,incentivize virtual e-services,2013-11-29 14:38:24,In Progress,375
349,Road Construction,incubate out-of-the-box paradigms,2005-04-03 21:35:09,Completed,976
350,Powerline,embrace user-centric networks,2017-06-21 18:44:10,Not Started,370
351,Electricity,reinvent 24/365 convergence,2015-10-13 21:35:03,Not Started,658
352,Pipeline,envisioneer plug-and-play eyeballs,2020-07-03 00:09:33,Not Started,739
353,Electricity,exploit open-source technologies,2022-03-10 03:15:27,Completed,268
354,Pipeline,visualize end-to-end platforms,2020-09-09 04:34:51,Completed,529
355,Road Construction,integrate strategic solutions,2017-03-28 19:35:34,In Progress,343
356,Powerline,monetize clicks-and-mortar convergence,1999-07-10 19:40:18,Not Started,431
357,Pipeline,seize synergistic portals,1998-02-21 22:03:07,In Progress,564
358,Pipeline,redefine clicks-and-mortar synergies,2019-04-20 01:56:16,In Progress,611
359,Electricity,maximize virtual e-tailers,2013-11-18 01:04:51,Not Started,598
360,Powerline,transition ubiquitous infomediaries,2012-06-02 18:01:34,Not Started,468
361,Powerline,mesh value-added content,2001-10-31 03:03:29,Not Started,384
362,Road Construction,disintermediate bleeding-edge models,2020-06-03 07:29:42,Completed,954
363,Electricity,streamline wireless paradigms,2014-07-21 10:05:11,Not Started,425
364,Traffic Light,extend viral solutions,1999-01-04 11:49:25,In Progress,792
365,Road Construction,visualize 24/365 initiatives,2014-02-17 04:38:55,Not Started,842
366,Powerline,synergize collaborative architectures,2016-01-30 20:54:45,Completed,146
367,Powerline,incentivize bricks-and-clicks web services,2017-03-04 03:40:48,In Progress,455
368,Powerline,iterate enterprise portals,2006-09-09 01:11:10,Not Started,472
369,Road Construction,extend B2B infomediaries,2008-12-20 21:24:34,Not Started,190
370,Traffic Light,e-enable killer eyeballs,2022-05-26 00:32:37,Completed,462
371,Powerline,transition bleeding-edge interfaces,2012-01-18 00:31:52,Not Started,704
372,Traffic Light,utilize vertical platforms,2023-08-17 15:48:39,In Progress,462
373,Road Construction,synergize viral users,2013-04-19 06:29:44,Not Started,976
374,Road Construction,cultivate killer schemas,2013-12-15 10:25:56,Not Started,661
375,Pipeline,enhance distributed markets,2000-04-07 05:27:54,Completed,418
376,Road Construction,empower scalable vortals,2023-06-04 17:22:40,In Progress,791
377,Sewer,deploy proactive ROI,2019-05-24 13:24:23,In Progress,174
378,Sewer,productize collaborative bandwidth,2009-01-09 19:58:21,Not Started,27
379,Road Construction,synthesize next-generation ROI,1998-08-17 13:54:23,Not Started,825
380,Powerline,grow next-generation e-services,2018-10-30 14:42:34,Completed,108
381,Traffic Light,empower compelling mindshare,2018-06-12 22:24:23,Completed,324
382,Sewer,engineer efficient communities,2000-04-06 06:53:00,Not Started,848
383,Pipeline,redefine end-to-end models,2017-01-26 12:56:10,Completed,748
384,Sewer,facilitate one-to-one deliverables,2012-02-08 19:36:34,In Progress,354
385,Sewer,whiteboard cutting-edge e-markets,2018-01-25 09:15:22,Not Started,550
386,Road Construction,orchestrate 24/365 platforms,2007-01-30 00:13:08,In Progress,902
387,Electricity,transition collaborative relationships,2002-02-20 15:54:23,In Progress,31
388,Pipeline,scale holistic applications,1998-02-16 01:07:50,Not Started,521
389,Powerline,orchestrate world-class markets,1998-01-22 16:01:46,Not Started,738
390,Sewer,incubate leading-edge methodologies,2015-08-29 02:05:18,Completed,742
391,Powerline,transform dot-com platforms,2003-03-07 18:39:46,Completed,357
392,Sewer,monetize ubiquitous partnerships,2022-01-27 08:50:29,Completed,652
393,Pipeline,deliver next-generation portals,2000-04-10 19:29:05,In Progress,284
394,Traffic Light,embrace dynamic mindshare,2023-08-22 18:44:27,Completed,350
395,Road Construction,evolve mission-critical bandwidth,2014-03-17 22:03:13,In Progress,140
396,Powerline,innovate synergistic networks,2018-06-24 02:35:14,In Progress,399
397,Powerline,redefine dynamic ROI,1997-08-27 16:25:31,Not Started,75
398,Traffic Light,monetize turn-key metrics,2023-08-17 06:28:26,In Progress,45
399,Pipeline,synthesize extensible portals,2013-10-13 18:55:05,Not Started,421
400,Electricity,strategize global relationships,2016-12-26 12:36:09,Not Started,334
401,Traffic Light,transform robust web-readiness,2013-11-10 14:11:30,In Progress,318
402,Sewer,cultivate wireless functionalities,2011-05-14 20:54:40,Not Started,780
403,Traffic Light,reinvent plug-and-play infomediaries,2012-11-11 13:28:06,Completed,631
404,Sewer,recontextualize viral supply-chains,2017-03-13 16:45:05,Completed,60
405,Traffic Light,integrate scalable web services,2010-01-08 02:59:23,Not Started,275
406,Road Construction,redefine clicks-and-mortar mindshare,2020-07-10 10:31:31,Completed,492
407,Traffic Light,extend plug-and-play e-tailers,2018-01-26 15:51:29,Not Started,85
408,Electricity,drive bricks-and-clicks content,2013-12-26 06:50:27,Not Started,436
409,Road Construction,brand granular users,2018-10-08 17:50:55,In Progress,827
410,Pipeline,benchmark user-centric initiatives,2017-04-09 16:16:55,Completed,201
411,Pipeline,syndicate killer portals,2015-06-26 10:00:07,In Progress,864
412,Powerline,engineer B2C users,2011-02-18 10:12:03,In Progress,541
413,Pipeline,incubate intuitive systems,2023-07-28 19:36:01,Completed,93
414,Pipeline,facilitate visionary networks,2005-04-23 17:36:54,Not Started,536
415,Road Construction,transform vertical paradigms,1998-05-07 22:57:11,Not Started,193
416,Powerline,engage B2C interfaces,1998-01-11 13:19:37,Completed,34
417,Pipeline,implement dynamic web-readiness,2002-06-21 14:04:54,Completed,80
418,Electricity,implement seamless channels,1998-04-03 22:45:49,Not Started,637
419,Traffic Light,e-enable ubiquitous synergies,2004-06-27 02:44:57,Completed,705
420,Powerline,envisioneer interactive partnerships,2021-11-27 11:05:19,In Progress,474
421,Electricity,repurpose compelling functionalities,2011-07-02 12:01:34,Not Started,181
422,Powerline,envisioneer robust vortals,2020-02-28 20:09:30,Not Started,839
423,Electricity,expedite bricks-and-clicks infrastructures,2018-04-17 03:15:53,Not Started,701
424,Powerline,embrace one-to-one mindshare,2001-08-16 04:36:56,Completed,520
425,Electricity,evolve scalable methodologies,2017-07-09 10:35:06,In Progress,605
426,Powerline,deliver transparent networks,2019-08-20 01:17:22,Completed,560
427,Pipeline,enable real-time functionalities,1999-01-03 21:00:35,In Progress,446
428,Sewer,visualize interactive vortals,2000-09-21 18:31:17,Not Started,842
429,Powerline,integrate cross-platform supply-chains,2000-02-23 10:22:42,Not Started,475
430,Pipeline,synthesize robust functionalities,1999-04-25 08:53:14,Not Started,321
431,Electricity,deploy open-source relationships,2012-01-02 14:50:49,In Progress,239
432,Pipeline,monetize bleeding-edge initiatives,2008-02-27 11:03:19,In Progress,906
433,Pipeline,syndicate web-enabled convergence,2003-01-16 00:23:51,Completed,978
434,Road Construction,seize innovative content,2002-10-02 16:06:46,Not Started,48
435,Traffic Light,leverage intuitive ROI,2005-03-16 11:33:07,In Progress,702
436,Electricity,synergize leading-edge initiatives,2023-01-24 10:27:35,Not Started,869
437,Traffic Light,generate out-of-the-box e-business,2020-11-27 07:21:07,Completed,791
438,Electricity,envisioneer impactful applications,2016-06-15 11:07:46,Not Started,91
439,Electricity,embrace synergistic web-readiness,2006-09-08 09:50:20,Completed,910
440,Powerline,deploy viral technologies,2019-11-22 06:10:47,Not Started,6
441,Powerline,visualize B2B e-markets,1998-02-25 02:45:52,Completed,459
442,Pipeline,deliver out-of-the-box schemas,2000-09-25 01:15:48,In Progress,104
443,Road Construction,e-enable out-of-the-box e-markets,2013-05-13 12:09:56,Not Started,751
444,Traffic Light,envisioneer front-end interfaces,2016-09-19 21:33:09,In Progress,792
445,Pipeline,target back-end convergence,2015-06-21 12:23:55,In Progress,117
446,Road Construction,embrace world-class applications,2012-07-26 11:37:22,Not Started,461
447,Powerline,productize visionary web-readiness,2013-12-17 20:34:19,Not Started,468
448,Traffic Light,morph holistic platforms,2014-10-10 19:33:56,In Progress,741
449,Traffic Light,syndicate wireless ROI,2002-09-12 00:58:57,Not Started,266
450,Powerline,mesh robust deliverables,2023-06-17 05:24:18,Not Started,895
451,Traffic Light,deliver 24/7 infrastructures,1999-06-30 15:35:34,In Progress,785
452,Road Construction,strategize bricks-and-clicks content,2016-05-01 08:30:07,Not Started,714
453,Sewer,embrace sexy niches,2021-12-06 00:15:13,Completed,662
454,Road Construction,extend collaborative supply-chains,2015-05-04 21:01:24,In Progress,735
455,Traffic Light,visualize clicks-and-mortar metrics,2003-06-30 14:27:26,In Progress,56
456,Road Construction,disintermediate revolutionary platforms,2009-08-01 08:44:34,In Progress,473
457,Powerline,deploy rich e-markets,2008-02-24 21:00:00,Not Started,937
458,Pipeline,grow transparent experiences,2010-01-09 22:41:54,In Progress,402
459,Traffic Light,redefine 24/365 partnerships,2012-04-03 02:23:37,In Progress,948
460,Sewer,architect ubiquitous e-business,2019-03-05 11:43:07,In Progress,136
461,Sewer,monetize interactive solutions,2018-10-24 20:03:11,Completed,438
462,Powerline,incubate innovative synergies,2014-01-18 03:33:16,Completed,85
463,Pipeline,integrate collaborative relationships,2001-06-18 10:18:13,Completed,191
464,Powerline,repurpose killer models,1997-11-06 16:07:24,In Progress,755
465,Road Construction,empower revolutionary vortals,2011-07-17 14:46:43,Completed,619
466,Pipeline,evolve killer communities,2022-08-18 22:50:29,In Progress,779
467,Road Construction,benchmark real-time networks,2017-11-04 09:57:59,In Progress,493
468,Powerline,expedite dot-com deliverables,2017-12-30 11:12:17,Not Started,539
469,Electricity,disintermediate user-centric action-items,2018-08-14 08:20:30,Not Started,478
470,Pipeline,productize dot-com niches,2008-06-06 18:39:43,Completed,601
471,Road Construction,aggregate dynamic communities,2020-10-28 12:22:32,Not Started,819
472,Traffic Light,engineer revolutionary solutions,2023-04-24 17:07:14,Completed,270
473,Sewer,synergize impactful vortals,2018-07-27 12:39:58,In Progress,250
474,Pipeline,benchmark 24/365 action-items,2017-09-21 19:14:13,In Progress,482
475,Road Construction,whiteboard vertical architectures,2013-06-29 07:23:37,Not Started,240
476,Road Construction,expedite web-enabled bandwidth,2002-04-15 05:14:49,In Progress,286
477,Electricity,morph turn-key metrics,2004-12-15 19:19:45,Not Started,153
478,Traffic Light,repurpose killer platforms,1999-06-20 04:53:00,Not Started,312
479,Electricity,innovate out-of-the-box markets,2019-11-08 16:05:54,In Progress,999
480,Powerline,evolve world-class ROI,2012-02-03 08:53:43,Completed,350
481,Electricity,engineer collaborative architectures,2019-10-24 04:43:12,Not Started,352
482,Traffic Light,whiteboard sticky architectures,2002-12-15 14:49:40,In Progress,716
483,Traffic Light,strategize robust technologies,2022-07-03 02:56:39,Not Started,473
484,Powerline,incentivize granular users,2011-09-05 22:42:40,In Progress,959
485,Pipeline,expedite visionary action-items,2016-11-12 01:08:10,Completed,100
486,Traffic Light,strategize dot-com web services,2015-08-20 08:38:04,In Progress,823
487,Pipeline,deploy proactive content,1999-02-26 12:12:49,In Progress,373
488,Powerline,benchmark clicks-and-mortar supply-chains,2011-09-10 09:01:39,Completed,523
489,Powerline,embrace holistic niches,2011-09-20 22:29:56,Not Started,68
490,Sewer,seize efficient technologies,2001-09-10 15:46:49,In Progress,539
491,Pipeline,matrix scalable convergence,2019-10-28 18:07:16,Not Started,339
492,Traffic Light,unleash wireless markets,2020-07-06 00:18:40,In Progress,515
493,Road Construction,benchmark mission-critical users,2008-03-11 23:10:49,In Progress,427
494,Road Construction,envisioneer wireless web services,2017-03-13 19:19:19,Completed,360
495,Pipeline,maximize enterprise paradigms,2008-07-15 10:56:17,Completed,710
496,Sewer,enhance open-source eyeballs,2017-12-05 09:44:57,In Progress,798
497,Traffic Light,reinvent cross-media infrastructures,2005-04-16 22:30:41,Not Started,101
498,Powerline,deploy distributed communities,2021-08-22 17:17:48,In Progress,549
499,Electricity,reinvent sticky supply-chains,2011-03-15 18:32:17,Completed,137
500,Traffic Light,monetize value-added methodologies,2016-04-16 09:31:51,In Progress,210
501,Electricity,integrate turn-key methodologies,1999-05-06 05:18:03,In Progress,868
502,Sewer,optimize B2B eyeballs,2020-11-22 03:36:37,Completed,158
503,Sewer,embrace 24/365 markets,2019-10-20 05:20:32,Not Started,736
504,Pipeline,facilitate turn-key web services,2000-05-27 22:34:42,Completed,614
505,Road Construction,syndicate viral supply-chains,1999-02-07 12:11:56,Completed,895
506,Pipeline,enable transparent infomediaries,2018-11-02 07:03:18,In Progress,995
507,Powerline,maximize cutting-edge eyeballs,2001-03-13 20:28:33,Not Started,839
508,Pipeline,streamline plug-and-play web services,2008-10-30 08:57:33,Not Started,862
509,Sewer,seize clicks-and-mortar niches,2008-10-28 14:49:38,Not Started,944
510,Sewer,aggregate seamless convergence,2021-02-18 23:55:11,In Progress,629
511,Sewer,reinvent magnetic communities,2023-03-19 00:37:32,In Progress,102
512,Sewer,streamline viral web-readiness,2004-02-23 14:04:49,Completed,427
513,Road Construction,strategize innovative initiatives,2018-11-08 17:01:59,Not Started,913
514,Sewer,unleash collaborative action-items,2015-08-07 20:11:48,In Progress,186
515,Traffic Light,utilize compelling architectures,2007-01-05 07:07:54,Completed,972
516,Sewer,e-enable back-end relationships,2001-04-25 10:12:06,In Progress,801
517,Traffic Light,expedite cutting-edge infrastructures,2008-07-04 07:24:31,In Progress,632
518,Pipeline,iterate frictionless portals,2024-07-07 13:37:29,In Progress,294
519,Sewer,monetize holistic supply-chains,2022-11-20 20:56:04,Completed,341
520,Electricity,target cross-media partnerships,2017-10-26 14:27:40,Not Started,155
521,Sewer,drive ubiquitous communities,2012-01-01 08:26:46,In Progress,152
522,Powerline,envisioneer holistic eyeballs,1999-11-19 17:33:59,In Progress,960
523,Road Construction,aggregate holistic e-tailers,2007-01-07 16:16:49,Completed,409
524,Sewer,redefine interactive methodologies,2024-07-05 12:39:00,In Progress,798
525,Sewer,aggregate intuitive communities,2023-09-21 12:57:26,Completed,645
526,Powerline,enhance back-end schemas,2010-01-27 21:59:46,In Progress,581
527,Pipeline,architect bleeding-edge eyeballs,2001-08-30 14:25:31,Completed,816
528,Sewer,exploit best-of-breed applications,1999-01-26 11:41:15,Completed,121
529,Sewer,incubate web-enabled users,1999-02-11 03:48:02,Not Started,653
530,Powerline,synthesize leading-edge applications,2000-02-02 01:30:00,Not Started,377
531,Electricity,disintermediate B2B experiences,1997-09-05 02:50:31,Not Started,848
532,Traffic Light,engage granular e-services,2015-09-12 11:50:05,Completed,30
533,Pipeline,unleash bleeding-edge web services,2016-06-15 07:03:22,Not Started,861
534,Pipeline,facilitate user-centric ROI,2023-05-03 21:41:32,In Progress,683
535,Powerline,maximize sticky eyeballs,2005-10-25 15:53:34,Not Started,190
536,Sewer,scale ubiquitous e-tailers,2008-06-30 16:18:15,Completed,597
537,Pipeline,incubate mission-critical infomediaries,1998-03-24 17:12:21,Not Started,758
538,Pipeline,embrace B2C users,2008-07-28 15:32:26,Not Started,554
539,Road Construction,engineer compelling channels,1997-08-20 15:13:41,Completed,492
540,Sewer,facilitate synergistic deliverables,2007-12-26 04:19:14,In Progress,707
541,Electricity,matrix vertical portals,1997-07-13 15:13:11,In Progress,84
542,Pipeline,generate best-of-breed functionalities,2011-04-30 06:10:42,Completed,698
543,Traffic Light,monetize plug-and-play web-readiness,2022-09-23 07:59:23,In Progress,874
544,Sewer,repurpose virtual mindshare,2002-06-21 05:18:50,Completed,928
545,Electricity,generate 24/7 web-readiness,2008-05-24 10:21:07,Completed,792
546,Traffic Light,productize out-of-the-box synergies,2020-05-09 11:38:36,Not Started,213
547,Sewer,productize value-added communities,2017-04-16 06:37:58,Not Started,725
548,Electricity,mesh holistic paradigms,2018-05-12 09:42:25,In Progress,527
549,Traffic Light,iterate sexy channels,2014-08-04 03:11:16,Completed,7
550,Sewer,brand virtual e-markets,2011-05-28 19:55:05,Not Started,730
551,Road Construction,generate seamless web services,2008-03-29 04:52:23,Completed,834
552,Electricity,leverage ubiquitous e-tailers,2005-08-10 14:15:27,In Progress,970
553,Road Construction,target robust communities,2018-08-18 16:47:19,In Progress,606
554,Sewer,morph interactive ROI,1999-11-20 18:51:34,Completed,119
555,Pipeline,scale rich systems,2010-07-23 13:22:42,Completed,551
556,Electricity,brand visionary vortals,2011-08-31 17:11:04,Not Started,133
557,Sewer,productize transparent architectures,2002-01-16 09:13:50,Completed,460
558,Electricity,empower wireless functionalities,2008-02-02 01:11:47,In Progress,188
559,Traffic Light,aggregate sticky metrics,2004-07-26 01:25:46,Not Started,33
560,Traffic Light,monetize next-generation schemas,2009-04-24 17:56:20,In Progress,895
561,Road Construction,empower best-of-breed bandwidth,2021-09-27 19:07:33,In Progress,257
562,Electricity,brand visionary e-commerce,2021-05-12 19:59:54,Completed,823
563,Road Construction,utilize compelling schemas,1999-11-27 03:31:46,In Progress,392
564,Road Construction,drive 24/365 e-commerce,2004-06-28 01:58:16,Not Started,376
565,Traffic Light,embrace dot-com portals,2022-05-15 00:20:05,In Progress,430
566,Road Construction,enable holistic niches,2015-08-23 22:41:01,Completed,19
567,Electricity,orchestrate next-generation ROI,1999-07-10 17:33:35,In Progress,94
568,Electricity,transition transparent web services,2010-07-09 19:43:47,In Progress,718
569,Electricity,deliver interactive content,2001-05-18 09:38:29,Completed,64
570,Road Construction,optimize sticky schemas,2019-06-04 01:55:49,Completed,518
571,Road Construction,harness enterprise mindshare,2015-07-21 14:51:09,Not Started,117
572,Pipeline,implement dynamic infrastructures,2014-03-16 12:21:53,Not Started,259
573,Traffic Light,drive virtual communities,2010-11-11 23:35:39,Not Started,75
574,Electricity,syndicate transparent eyeballs,1998-03-02 01:05:14,Completed,605
575,Traffic Light,engineer synergistic users,2024-03-07 13:47:02,Not Started,733
576,Powerline,optimize killer interfaces,2004-01-06 10:20:55,Not Started,532
577,Traffic Light,enhance rich markets,2010-04-03 06:14:40,Completed,288
578,Road Construction,incubate innovative technologies,2019-06-24 01:08:25,In Progress,541
579,Pipeline,seize global interfaces,2002-07-31 17:21:02,In Progress,435
580,Pipeline,synergize turn-key mindshare,2011-05-04 02:19:38,In Progress,761
581,Traffic Light,maximize customized e-business,2011-03-23 21:05:20,Not Started,563
582,Traffic Light,engage dot-com partnerships,2021-04-21 04:42:38,Completed,19
583,Sewer,harness e-business experiences,2017-11-06 03:49:58,Not Started,228
584,Traffic Light,evolve holistic networks,2023-11-20 14:35:06,In Progress,235
585,Road Construction,transition seamless systems,2000-10-07 12:41:08,In Progress,574
586,Sewer,maximize global architectures,2019-01-19 12:49:22,Not Started,259
587,Powerline,brand killer web services,1998-12-03 06:47:00,Completed,370
588,Pipeline,incentivize killer applications,2010-04-21 23:42:20,Not Started,204
589,Electricity,architect world-class functionalities,2007-10-06 07:44:20,Completed,670
590,Electricity,monetize compelling deliverables,2012-01-03 00:01:18,In Progress,567
591,Road Construction,innovate frictionless paradigms,2008-11-26 14:30:11,Completed,793
592,Pipeline,orchestrate sticky mindshare,2010-11-01 13:25:11,In Progress,85
593,Powerline,transform seamless communities,2002-07-15 13:23:23,In Progress,410
594,Traffic Light,leverage web-enabled synergies,2009-05-13 10:24:50,Not Started,30
595,Sewer,strategize intuitive e-services,2001-11-14 20:02:55,Not Started,963
596,Sewer,enable B2B architectures,2010-05-24 17:02:53,In Progress,269
597,Road Construction,reintermediate plug-and-play initiatives,2002-10-10 04:45:17,Completed,783
598,Powerline,streamline customized action-items,2024-02-22 03:38:30,Not Started,355
599,Powerline,generate cross-platform schemas,2023-08-29 18:01:23,In Progress,293
600,Road Construction,architect back-end vortals,2015-07-06 22:29:30,Not Started,277
601,Electricity,reintermediate interactive solutions,1998-09-02 03:23:58,Completed,754
602,Pipeline,redefine revolutionary infrastructures,2004-12-25 05:58:11,In Progress,365
603,Sewer,engineer mission-critical infrastructures,2001-05-14 16:15:38,Completed,341
604,Road Construction,benchmark proactive solutions,1997-10-21 00:09:49,Not Started,981
605,Electricity,deliver one-to-one supply-chains,2007-08-01 14:20:04,Completed,826
606,Road Construction,deliver robust partnerships,2023-07-14 00:28:09,Completed,921
607,Powerline,reinvent global e-commerce,2005-10-11 07:45:33,Completed,236
608,Powerline,maximize sexy convergence,2018-09-03 22:05:56,Not Started,927
609,Electricity,syndicate B2B solutions,2000-03-03 01:07:41,In Progress,350
610,Traffic Light,benchmark viral portals,2023-06-12 20:57:51,In Progress,954
611,Road Construction,enhance leading-edge web-readiness,2008-10-15 10:42:24,Not Started,10
612,Electricity,envisioneer killer e-tailers,2020-07-03 03:34:53,In Progress,39
613,Powerline,recontextualize distributed solutions,2007-01-19 21:54:08,Completed,308
614,Powerline,incentivize scalable markets,2015-08-13 05:59:38,In Progress,739
615,Powerline,architect synergistic markets,2018-06-01 21:52:41,In Progress,315
616,Powerline,redefine 24/7 ROI,2008-03-30 15:58:48,Completed,527
617,Pipeline,disintermediate cross-platform eyeballs,2003-04-27 08:53:02,Not Started,42
618,Electricity,incentivize e-business metrics,2022-04-08 14:34:33,Completed,482
619,Powerline,extend real-time supply-chains,2006-04-03 16:57:50,Completed,129
620,Pipeline,seize compelling relationships,2012-02-16 22:33:14,Not Started,576
621,Pipeline,aggregate holistic architectures,2011-08-04 18:56:46,Not Started,375
622,Pipeline,deliver dynamic channels,2016-11-21 20:46:12,Not Started,620
623,Traffic Light,productize value-added systems,2008-03-26 08:31:32,Completed,835
624,Sewer,engineer synergistic mindshare,1999-05-16 15:44:51,In Progress,673
625,Pipeline,cultivate holistic applications,2010-08-28 00:56:37,Completed,122
626,Powerline,matrix visionary channels,2010-06-02 03:16:21,Not Started,181
627,Electricity,target collaborative synergies,2001-07-21 20:32:56,Completed,997
628,Traffic Light,incentivize enterprise e-services,2017-11-19 17:48:41,Completed,877
629,Electricity,harness back-end e-tailers,1999-08-12 16:01:21,Completed,539
630,Powerline,productize enterprise e-business,2001-03-11 06:35:33,In Progress,678
631,Electricity,seize strategic niches,2020-06-20 03:47:39,Completed,61
632,Traffic Light,unleash 24/7 interfaces,1997-07-29 07:46:13,Completed,312
633,Traffic Light,benchmark dot-com networks,2019-12-27 17:13:14,In Progress,902
634,Electricity,harness end-to-end solutions,1999-09-05 16:27:02,Completed,262
635,Road Construction,monetize sticky synergies,2014-06-21 22:30:35,In Progress,360
636,Traffic Light,brand sexy eyeballs,1999-08-23 05:43:22,Completed,454
637,Electricity,morph visionary platforms,2008-07-05 07:41:27,Not Started,667
638,Pipeline,disintermediate web-enabled channels,2007-08-11 17:24:01,In Progress,874
639,Sewer,productize front-end systems,2014-03-07 04:25:37,Completed,499
640,Road Construction,cultivate vertical convergence,2022-03-22 07:04:21,Not Started,32
641,Traffic Light,generate dot-com experiences,2016-10-01 01:58:09,In Progress,737
642,Powerline,syndicate compelling e-business,2022-03-02 05:48:17,Completed,388
643,Powerline,reintermediate e-business infomediaries,2017-08-02 11:25:08,Not Started,97
644,Pipeline,leverage scalable e-commerce,2016-05-17 23:33:39,Completed,470
645,Traffic Light,generate plug-and-play platforms,2012-10-03 09:09:58,In Progress,689
646,Powerline,orchestrate value-added e-markets,2023-09-10 16:51:38,Not Started,693
647,Road Construction,architect turn-key communities,2013-06-09 14:26:22,In Progress,324
648,Powerline,streamline dynamic e-services,2017-02-13 22:28:59,Not Started,714
649,Road Construction,disintermediate visionary interfaces,2020-02-03 01:18:17,In Progress,674
650,Powerline,whiteboard value-added paradigms,2017-01-08 12:18:04,Not Started,996
651,Powerline,scale value-added solutions,2005-12-26 19:59:06,Completed,726
652,Pipeline,redefine customized metrics,2000-05-30 06:08:13,In Progress,561
653,Sewer,synergize integrated convergence,2020-03-28 16:49:06,In Progress,394
654,Powerline,reintermediate 24/7 models,2005-06-13 09:04:41,Completed,229
655,Electricity,envisioneer collaborative channels,2020-01-29 17:22:24,Not Started,114
656,Pipeline,repurpose cutting-edge deliverables,2020-05-26 12:01:15,Completed,524
657,Electricity,visualize strategic relationships,2013-01-03 15:20:37,Not Started,488
658,Sewer,aggregate real-time applications,2020-07-27 17:29:35,Not Started,131
659,Sewer,transform back-end architectures,2008-04-12 21:35:24,Completed,383
660,Pipeline,strategize ubiquitous initiatives,2014-04-13 13:38:31,Completed,423
661,Road Construction,expedite frictionless methodologies,2012-06-11 05:31:02,Completed,946
662,Traffic Light,drive holistic niches,2018-09-26 08:32:49,Not Started,131
663,Road Construction,matrix world-class solutions,2016-11-10 10:21:11,Not Started,469
664,Pipeline,strategize proactive functionalities,2010-01-30 18:46:13,In Progress,440
665,Electricity,transform innovative communities,2009-03-17 11:32:28,In Progress,452
666,Road Construction,monetize ubiquitous experiences,2003-01-18 23:01:21,Completed,353
667,Pipeline,revolutionize intuitive web services,2005-06-11 06:58:43,In Progress,338
668,Road Construction,seize proactive e-business,2000-07-20 14:21:47,Not Started,921
669,Electricity,scale virtual synergies,2019-01-23 09:40:25,In Progress,685
670,Traffic Light,envisioneer distributed infomediaries,2020-04-28 05:07:46,In Progress,700
671,Sewer,engineer 24/7 methodologies,2001-03-14 09:59:06,Not Started,74
672,Sewer,recontextualize world-class partnerships,2016-07-19 07:42:57,Completed,991
673,Pipeline,implement cross-platform channels,2017-09-13 08:08:58,In Progress,14
674,Electricity,scale dynamic interfaces,2001-03-23 04:38:18,Completed,544
675,Road Construction,optimize dot-com portals,2021-12-31 04:29:45,Not Started,332
676,Traffic Light,iterate global portals,2016-08-18 07:10:21,Completed,926
677,Electricity,generate synergistic applications,2022-06-26 15:53:24,Completed,399
678,Electricity,synthesize dot-com interfaces,2016-06-13 07:32:06,In Progress,321
679,Road Construction,synergize end-to-end bandwidth,2013-08-31 20:07:35,Not Started,331
680,Electricity,transform one-to-one e-tailers,2007-08-04 08:31:27,Not Started,491
681,Sewer,iterate rich portals,2017-11-30 12:24:22,Not Started,21
682,Traffic Light,disintermediate innovative technologies,2001-05-15 22:15:18,Completed,767
683,Road Construction,architect user-centric partnerships,1998-08-28 01:34:40,Completed,817
684,Electricity,matrix user-centric portals,2002-04-16 09:59:59,Completed,824
685,Electricity,repurpose cutting-edge synergies,1999-10-24 10:29:36,Completed,123
686,Road Construction,harness rich communities,2001-06-08 04:23:47,Not Started,876
687,Powerline,synthesize one-to-one methodologies,1998-02-25 20:03:36,Completed,132
688,Electricity,monetize global action-items,2022-12-04 11:14:48,Not Started,21
689,Pipeline,whiteboard transparent architectures,2008-12-30 09:55:09,Not Started,349
690,Traffic Light,morph collaborative architectures,2020-05-15 08:14:54,Not Started,951
691,Road Construction,maximize innovative initiatives,2009-07-12 03:09:50,Completed,397
692,Pipeline,orchestrate one-to-one content,2020-07-03 21:01:01,Not Started,845
693,Electricity,envisioneer frictionless methodologies,2000-01-26 07:04:37,Not Started,485
694,Powerline,grow proactive interfaces,2012-04-10 05:40:15,In Progress,669
695,Pipeline,empower extensible deliverables,2005-01-12 15:02:10,Completed,40
696,Traffic Light,optimize dynamic vortals,2009-08-27 02:41:13,Completed,719
697,Road Construction,generate sexy infrastructures,2001-12-31 04:39:32,In Progress,897
698,Sewer,revolutionize extensible e-tailers,2006-05-25 23:30:07,Not Started,649
699,Electricity,repurpose front-end web services,2012-11-28 04:23:43,In Progress,215
700,Electricity,productize virtual systems,2012-06-28 06:02:25,Not Started,411
701,Sewer,reintermediate real-time partnerships,2018-09-22 06:32:02,In Progress,841
702,Sewer,evolve rich architectures,2022-11-05 15:51:12,Completed,24
703,Powerline,morph web-enabled communities,2022-12-01 04:51:52,In Progress,650
704,Sewer,seize B2B e-services,2023-03-02 02:32:59,Not Started,217
705,Road Construction,strategize robust experiences,2011-06-03 16:04:37,Completed,760
706,Road Construction,engineer intuitive systems,2018-09-17 05:35:32,Not Started,67
707,Sewer,e-enable rich solutions,2007-08-22 11:35:38,Not Started,991
708,Pipeline,grow cross-media synergies,2021-10-25 22:55:41,Not Started,879
709,Traffic Light,transition extensible initiatives,2024-03-04 14:56:42,In Progress,527
710,Road Construction,deliver intuitive vortals,1999-11-17 15:09:22,Not Started,449
711,Sewer,extend integrated infomediaries,2022-10-04 18:19:06,Not Started,368
712,Electricity,syndicate enterprise metrics,2012-07-02 05:57:15,Completed,411
713,Electricity,facilitate bleeding-edge action-items,2022-10-30 22:59:18,In Progress,675
714,Traffic Light,disintermediate end-to-end supply-chains,2010-12-09 21:32:04,In Progress,78
715,Sewer,maximize world-class synergies,1998-11-27 22:24:13,In Progress,509
716,Road Construction,transform granular e-commerce,1999-11-21 11:38:18,Completed,506
717,Powerline,revolutionize ubiquitous eyeballs,2007-04-28 21:02:57,Not Started,708
718,Sewer,cultivate real-time applications,2020-08-19 06:20:24,Completed,669
719,Powerline,disintermediate e-business e-business,2012-11-09 07:34:03,In Progress,735
720,Traffic Light,reintermediate out-of-the-box technologies,2023-01-13 15:01:53,Completed,322
721,Sewer,target plug-and-play e-tailers,2001-08-22 10:50:30,Completed,966
722,Pipeline,enhance web-enabled e-services,2005-12-01 20:48:56,Completed,585
723,Powerline,orchestrate mission-critical e-tailers,2011-08-20 01:06:18,In Progress,758
724,Pipeline,strategize open-source supply-chains,2020-03-13 18:28:54,Completed,274
725,Electricity,harness intuitive platforms,2024-01-04 17:31:00,Not Started,788
726,Electricity,maximize back-end action-items,2008-06-05 12:23:48,Not Started,952
727,Powerline,scale sticky convergence,1999-12-21 08:26:33,Completed,782
728,Pipeline,productize cross-platform deliverables,2006-02-28 05:42:49,Not Started,984
729,Powerline,matrix compelling supply-chains,2013-08-01 23:13:35,Not Started,590
730,Pipeline,empower back-end bandwidth,1999-08-22 05:20:01,Completed,429
731,Traffic Light,revolutionize integrated networks,2013-08-15 21:04:49,In Progress,246
732,Road Construction,productize viral relationships,1998-01-06 06:51:09,Not Started,756
733,Electricity,matrix sticky relationships,2015-10-10 19:24:55,Not Started,621
734,Pipeline,syndicate bleeding-edge users,2010-12-12 06:14:47,Completed,753
735,Sewer,grow value-added infomediaries,2012-02-25 17:57:41,Not Started,391
736,Electricity,integrate intuitive e-tailers,2002-09-08 19:33:08,In Progress,701
737,Pipeline,incentivize dynamic mindshare,2022-08-24 08:37:06,Completed,688
738,Pipeline,disintermediate plug-and-play bandwidth,2015-02-28 20:22:32,Not Started,142
739,Pipeline,morph granular eyeballs,1999-09-10 12:32:29,In Progress,808
740,Electricity,deploy best-of-breed functionalities,2008-12-13 11:56:08,Completed,505
741,Powerline,seize world-class applications,2004-09-13 12:52:57,In Progress,841
742,Traffic Light,synthesize granular functionalities,2013-09-17 17:35:22,Not Started,221
743,Powerline,e-enable frictionless experiences,2019-09-18 23:20:50,Completed,366
744,Pipeline,utilize 24/7 architectures,2017-05-28 12:14:16,Completed,76
745,Electricity,repurpose proactive vortals,2004-10-08 09:21:09,Completed,959
746,Powerline,synergize B2C markets,2021-10-16 12:41:53,Completed,761
747,Pipeline,empower compelling e-services,2005-03-15 18:56:59,Not Started,171
748,Pipeline,grow cross-media action-items,2018-03-24 07:31:38,Completed,709
749,Road Construction,expedite value-added ROI,2015-10-30 01:33:22,In Progress,201
750,Powerline,grow plug-and-play methodologies,2005-05-25 10:02:16,In Progress,199
751,Electricity,revolutionize clicks-and-mortar e-markets,2008-12-08 04:01:01,Completed,503
752,Traffic Light,productize user-centric metrics,2004-07-04 16:29:45,In Progress,147
753,Powerline,scale e-business portals,2013-11-15 18:24:04,Completed,957
754,Sewer,drive leading-edge mindshare,2016-10-17 23:28:04,In Progress,721
755,Road Construction,optimize strategic web-readiness,2001-12-31 14:41:53,In Progress,840
756,Electricity,incentivize real-time relationships,2003-07-26 01:27:50,Not Started,418
757,Electricity,monetize integrated systems,2018-11-21 10:55:10,Not Started,893
758,Sewer,exploit strategic web-readiness,2010-08-29 00:34:42,Completed,832
759,Traffic Light,recontextualize rich e-business,2016-08-15 00:06:15,In Progress,659
760,Road Construction,transform turn-key channels,2016-09-12 05:26:00,Not Started,639
761,Sewer,engage 24/365 content,2009-12-13 14:15:03,Completed,281
762,Traffic Light,transform revolutionary technologies,2013-03-13 08:11:20,In Progress,378
763,Traffic Light,reinvent leading-edge networks,1999-01-09 03:44:21,Completed,227
764,Pipeline,transform bricks-and-clicks supply-chains,2017-08-20 02:52:12,Completed,437
765,Road Construction,orchestrate bricks-and-clicks deliverables,2022-04-01 01:11:23,Completed,628
766,Sewer,utilize end-to-end technologies,2020-10-20 17:12:57,Not Started,883
767,Pipeline,deliver cross-media convergence,2008-06-19 04:10:21,Not Started,759
768,Road Construction,unleash frictionless convergence,2018-01-01 21:45:48,In Progress,639
769,Powerline,engage interactive models,2019-05-04 03:18:17,In Progress,264
770,Powerline,enable synergistic synergies,2001-12-25 17:34:18,Not Started,819
771,Road Construction,embrace cutting-edge communities,2015-01-03 10:59:24,Completed,218
772,Electricity,matrix vertical e-tailers,2002-08-13 23:57:45,Not Started,895
773,Traffic Light,implement robust e-business,2010-07-16 13:54:45,Completed,47
774,Powerline,morph dot-com e-services,2023-04-11 09:22:05,Not Started,944
775,Road Construction,leverage scalable ROI,2001-01-10 00:43:06,Not Started,997
776,Pipeline,engineer transparent vortals,2009-02-22 22:24:38,Not Started,161
777,Pipeline,synergize end-to-end relationships,2020-09-26 00:27:42,In Progress,920
778,Pipeline,maximize mission-critical methodologies,2019-12-24 16:35:13,Completed,539
779,Pipeline,unleash killer e-business,2016-01-01 02:23:17,Completed,875
780,Sewer,productize mission-critical applications,2001-12-04 08:35:16,Completed,301
781,Road Construction,redefine revolutionary partnerships,2022-12-26 21:00:32,In Progress,227
782,Road Construction,incubate killer applications,2011-05-01 03:10:24,Not Started,88
783,Sewer,deliver user-centric web services,2008-07-16 18:27:10,Not Started,19
784,Pipeline,repurpose 24/365 deliverables,2002-10-17 09:44:01,Not Started,532
785,Pipeline,deliver mission-critical networks,1999-07-12 19:55:14,Completed,879
786,Powerline,evolve virtual solutions,2000-07-22 02:16:28,In Progress,984
787,Powerline,transform enterprise web-readiness,2005-07-01 02:03:13,Not Started,290
788,Powerline,utilize 24/7 synergies,2022-07-17 19:13:29,Completed,192
789,Electricity,maximize customized relationships,2004-05-01 13:49:42,Not Started,420
790,Powerline,enable distributed schemas,2020-05-30 23:11:59,Completed,385
791,Sewer,evolve synergistic web-readiness,2022-11-07 11:42:20,Not Started,181
792,Sewer,iterate sticky e-markets,2015-10-24 02:43:10,Not Started,570
793,Sewer,iterate robust convergence,2000-08-30 02:47:42,Completed,680
794,Road Construction,seize compelling niches,2012-12-06 14:49:03,In Progress,856
795,Electricity,revolutionize efficient solutions,2010-09-28 11:09:46,In Progress,318
796,Electricity,transition frictionless initiatives,2008-09-09 23:43:06,In Progress,880
797,Sewer,incubate web-enabled content,1999-08-02 08:40:48,Completed,860
798,Electricity,seize scalable schemas,1998-02-19 15:50:55,Not Started,557
799,Sewer,enable 24/7 convergence,2014-03-19 02:50:06,Completed,675
800,Electricity,maximize best-of-breed markets,2004-04-28 05:24:54,Completed,332
801,Powerline,empower real-time niches,2014-04-18 19:59:45,In Progress,321
802,Electricity,maximize transparent relationships,2003-03-07 10:36:16,Completed,755
803,Sewer,disintermediate dynamic e-business,2001-09-05 12:11:57,In Progress,228
804,Sewer,reinvent mission-critical technologies,2018-08-08 20:11:44,Completed,893
805,Sewer,evolve distributed supply-chains,1998-11-19 06:39:12,Not Started,471
806,Electricity,incentivize cross-platform e-commerce,2001-06-20 18:04:08,Completed,524
807,Traffic Light,incentivize interactive convergence,2014-08-19 06:25:38,Completed,71
808,Traffic Light,optimize plug-and-play e-tailers,2000-11-11 21:50:08,In Progress,545
809,Road Construction,expedite world-class architectures,1999-01-02 04:57:16,Completed,422
810,Pipeline,implement cutting-edge methodologies,2008-01-30 23:10:59,In Progress,652
811,Electricity,target one-to-one niches,2021-07-25 20:12:35,In Progress,924
812,Powerline,innovate revolutionary users,2016-12-31 07:24:30,Not Started,30
813,Traffic Light,harness cross-platform web-readiness,2017-11-18 07:00:57,Not Started,962
814,Pipeline,brand 24/7 metrics,2001-10-24 00:13:45,In Progress,350
815,Pipeline,extend frictionless mindshare,2005-08-11 20:01:44,Not Started,549
816,Traffic Light,morph dynamic content,2018-04-20 21:58:02,In Progress,790
817,Road Construction,syndicate bricks-and-clicks partnerships,2005-10-25 06:02:44,Not Started,17
818,Electricity,generate revolutionary metrics,2018-10-15 06:31:24,Completed,943
819,Traffic Light,maximize 24/365 vortals,2013-03-22 04:02:07,Completed,566
820,Road Construction,target global communities,2003-02-27 12:43:33,In Progress,350
821,Road Construction,deploy ubiquitous e-markets,2004-02-08 01:12:23,Completed,50
822,Pipeline,expedite clicks-and-mortar relationships,2021-12-31 02:40:21,In Progress,947
823,Pipeline,whiteboard 24/7 e-business,2024-06-07 06:51:25,Not Started,971
824,Traffic Light,transition sticky technologies,1998-06-07 21:46:40,In Progress,477
825,Powerline,drive extensible systems,2021-09-21 11:14:19,In Progress,902
826,Pipeline,evolve efficient solutions,2019-11-02 19:53:00,Completed,466
827,Electricity,facilitate frictionless communities,2012-11-19 10:18:11,Not Started,33
828,Traffic Light,grow synergistic e-business,2005-09-25 07:13:53,In Progress,922
829,Powerline,orchestrate 24/7 schemas,2019-02-08 09:03:16,Not Started,39
830,Traffic Light,mesh impactful e-business,2021-12-20 21:13:07,Not Started,562
831,Sewer,optimize proactive e-markets,2021-08-10 07:21:27,Not Started,927
832,Electricity,matrix one-to-one paradigms,2015-06-25 05:05:24,Completed,420
833,Pipeline,revolutionize clicks-and-mortar eyeballs,1997-07-15 13:16:14,Completed,124
834,Traffic Light,drive front-end markets,2001-08-05 11:02:59,In Progress,56
835,Sewer,disintermediate sticky action-items,2008-05-27 02:21:33,Completed,75
836,Powerline,reinvent dot-com solutions,1997-10-27 03:40:33,Completed,579
837,Pipeline,engage sexy paradigms,1997-07-19 03:06:56,Not Started,266
838,Powerline,optimize end-to-end content,2002-11-22 06:23:48,Completed,407
839,Powerline,redefine frictionless technologies,2005-05-03 11:29:21,In Progress,35
840,Road Construction,drive seamless models,2009-09-30 11:43:12,In Progress,273
841,Sewer,visualize visionary infrastructures,2010-06-09 09:00:55,Not Started,80
842,Electricity,productize frictionless initiatives,2001-12-24 22:49:02,Not Started,559
843,Traffic Light,scale holistic vortals,2003-01-17 00:54:56,In Progress,846
844,Sewer,morph plug-and-play markets,2008-05-08 21:20:13,In Progress,706
845,Powerline,generate dot-com schemas,2015-03-04 07:49:01,Completed,140
846,Powerline,engage sticky web-readiness,2003-07-06 06:57:22,Completed,151
847,Pipeline,facilitate integrated models,2024-02-10 07:21:02,Not Started,569
848,Pipeline,envisioneer bleeding-edge platforms,2020-06-15 03:45:00,Completed,662
849,Pipeline,benchmark killer relationships,2015-05-28 03:04:37,In Progress,413
850,Electricity,cultivate visionary mindshare,2012-03-23 00:54:29,Not Started,717
851,Sewer,mesh best-of-breed synergies,2000-08-10 10:15:17,Not Started,274
852,Pipeline,productize bricks-and-clicks users,2012-09-15 02:13:33,Not Started,867
853,Road Construction,iterate holistic e-tailers,1998-12-14 01:43:19,In Progress,381
854,Pipeline,innovate leading-edge methodologies,2020-02-10 03:13:36,In Progress,337
855,Road Construction,maximize ubiquitous e-markets,2003-06-09 17:31:23,Completed,566
856,Pipeline,target intuitive portals,1999-01-16 06:45:33,Not Started,572
857,Sewer,synthesize back-end initiatives,1998-01-04 07:46:38,Not Started,372
858,Powerline,transition front-end functionalities,2017-06-27 18:14:59,In Progress,770
859,Sewer,leverage sticky ROI,2000-07-16 08:18:59,Completed,618
860,Pipeline,aggregate bricks-and-clicks infrastructures,2019-11-01 16:43:58,Not Started,424
861,Electricity,redefine ubiquitous supply-chains,2019-01-12 15:58:30,In Progress,336
862,Pipeline,iterate bleeding-edge infrastructures,2012-02-08 22:41:31,In Progress,748
863,Powerline,envisioneer proactive action-items,2017-09-07 18:04:07,Not Started,1
864,Traffic Light,empower collaborative solutions,1999-02-28 15:54:55,Not Started,410
865,Traffic Light,monetize scalable vortals,2017-08-25 16:10:28,Not Started,571
866,Road Construction,disintermediate mission-critical vortals,2005-11-27 03:57:32,Not Started,4
867,Powerline,expedite wireless vortals,2017-04-11 21:26:16,In Progress,230
868,Road Construction,reinvent impactful functionalities,2013-12-07 15:32:16,In Progress,617
869,Sewer,unleash clicks-and-mortar markets,2006-03-09 06:52:35,In Progress,139
870,Electricity,maximize cross-platform bandwidth,2015-05-07 00:29:24,In Progress,594
871,Pipeline,unleash sticky e-markets,2021-10-26 01:55:26,Not Started,227
872,Road Construction,recontextualize revolutionary interfaces,2018-10-18 15:15:17,Not Started,574
873,Powerline,innovate plug-and-play markets,2008-08-21 11:57:56,Not Started,855
874,Electricity,morph synergistic initiatives,2017-11-10 03:30:33,In Progress,596
875,Sewer,architect real-time e-markets,2024-01-03 06:47:28,Not Started,817
876,Road Construction,optimize enterprise synergies,2003-10-04 23:23:12,Completed,278
877,Powerline,benchmark granular action-items,2019-05-20 13:55:11,In Progress,773
878,Pipeline,exploit front-end interfaces,2012-04-08 00:27:05,Not Started,855
879,Road Construction,drive end-to-end communities,2020-10-21 06:36:35,In Progress,224
880,Electricity,orchestrate 24/7 e-commerce,2016-11-26 00:27:11,Not Started,935
881,Traffic Light,iterate magnetic ROI,2022-02-26 18:11:08,Completed,573
882,Pipeline,maximize virtual mindshare,2017-11-27 20:19:02,In Progress,637
883,Electricity,target collaborative vortals,2002-09-12 15:05:11,Completed,138
884,Pipeline,transform world-class technologies,2021-07-29 20:28:26,In Progress,214
885,Traffic Light,exploit robust supply-chains,2024-04-15 15:10:32,Not Started,34
886,Traffic Light,mesh dynamic channels,2013-10-07 14:24:18,Not Started,156
887,Powerline,repurpose seamless portals,2023-10-22 00:14:31,Completed,453
888,Traffic Light,transition granular architectures,2023-03-29 11:45:16,Not Started,976
889,Sewer,maximize end-to-end metrics,2016-06-05 21:28:00,Completed,291
890,Powerline,engineer revolutionary initiatives,1999-08-16 11:33:34,Not Started,427
891,Powerline,empower bricks-and-clicks architectures,2012-10-15 22:44:18,In Progress,51
892,Road Construction,evolve plug-and-play mindshare,2023-05-22 14:34:18,In Progress,580
893,Pipeline,implement virtual metrics,2018-02-19 08:59:22,Not Started,898
894,Powerline,morph out-of-the-box architectures,2004-09-20 01:51:00,Not Started,622
895,Road Construction,scale web-enabled niches,2022-02-13 15:44:36,Not Started,792
896,Powerline,generate collaborative solutions,1997-10-26 19:16:26,Completed,418
897,Powerline,facilitate strategic mindshare,2013-08-17 10:48:20,Not Started,227
898,Powerline,scale viral schemas,2018-10-24 23:21:08,Not Started,759
899,Pipeline,orchestrate scalable niches,2018-04-08 02:47:36,In Progress,611
900,Powerline,e-enable plug-and-play relationships,2008-12-25 13:32:05,Completed,880
901,Electricity,implement value-added e-tailers,2013-10-10 09:34:15,Not Started,954
902,Powerline,facilitate leading-edge mindshare,2017-05-08 01:51:54,In Progress,679
903,Pipeline,aggregate turn-key models,2007-06-03 11:12:13,Not Started,905
904,Pipeline,deploy virtual e-tailers,1999-09-12 05:41:39,In Progress,418
905,Traffic Light,expedite interactive networks,1998-01-01 20:15:20,Completed,954
906,Sewer,enable clicks-and-mortar niches,2015-02-05 21:45:13,Completed,672
907,Pipeline,cultivate holistic e-markets,1998-04-16 09:15:06,Not Started,739
908,Pipeline,mesh 24/7 convergence,2009-07-09 10:42:33,Completed,259
909,Pipeline,evolve value-added convergence,2010-11-27 16:39:56,In Progress,911
910,Electricity,orchestrate world-class web services,2004-06-03 11:41:01,Completed,95
911,Sewer,engage sticky experiences,2015-11-21 01:30:09,Not Started,977
912,Sewer,transition seamless initiatives,2008-01-26 18:33:15,Not Started,10
913,Pipeline,drive global bandwidth,1999-05-20 15:09:58,In Progress,594
914,Pipeline,benchmark wireless ROI,2019-07-21 20:03:03,Not Started,257
915,Pipeline,visualize B2B content,2000-10-26 18:56:19,In Progress,214
916,Sewer,enhance wireless synergies,2002-07-02 06:45:26,In Progress,748
917,Sewer,engage synergistic relationships,1998-09-01 08:23:44,Not Started,436
918,Electricity,unleash end-to-end e-tailers,2018-03-02 20:53:06,In Progress,617
919,Sewer,exploit dot-com e-tailers,2014-12-18 08:25:38,Not Started,136
920,Powerline,transform transparent methodologies,2010-02-21 21:38:42,Completed,364
921,Powerline,grow viral methodologies,2008-01-16 21:58:42,In Progress,544
922,Powerline,transition customized convergence,2008-03-06 07:19:59,Not Started,268
923,Sewer,generate front-end communities,1998-07-21 02:44:29,Completed,933
924,Traffic Light,iterate B2C e-business,2014-02-20 10:49:09,Not Started,945
925,Electricity,seize world-class technologies,2022-06-19 20:06:45,Not Started,940
926,Pipeline,whiteboard open-source bandwidth,2001-03-05 15:47:19,Not Started,791
927,Traffic Light,morph robust e-commerce,2003-01-10 16:58:06,Not Started,981
928,Powerline,recontextualize distributed paradigms,2005-08-04 15:07:17,Not Started,750
929,Electricity,incubate dot-com e-business,2021-12-30 07:42:23,Not Started,376
930,Sewer,utilize back-end models,2009-05-29 17:25:43,Not Started,329
931,Sewer,expedite dot-com paradigms,2017-02-24 08:07:05,Not Started,772
932,Road Construction,monetize vertical systems,2013-05-20 10:47:26,Not Started,130
933,Traffic Light,envisioneer transparent networks,2008-06-10 01:18:26,In Progress,787
934,Pipeline,cultivate clicks-and-mortar infrastructures,2011-07-27 23:09:58,In Progress,478
935,Powerline,enhance cross-media e-commerce,2009-08-17 11:25:46,In Progress,968
936,Sewer,envisioneer bricks-and-clicks infrastructures,2023-03-26 14:49:48,In Progress,368
937,Electricity,deploy collaborative infrastructures,2009-12-20 08:13:02,Completed,352
938,Powerline,extend out-of-the-box partnerships,2022-03-24 01:46:21,In Progress,448
939,Pipeline,drive proactive systems,2021-12-21 07:15:49,In Progress,637
940,Traffic Light,envisioneer strategic action-items,2001-01-22 04:10:30,In Progress,505
941,Road Construction,orchestrate vertical e-services,2012-09-12 08:56:54,Completed,102
942,Traffic Light,reintermediate B2B web services,2008-04-23 18:43:16,Completed,299
943,Traffic Light,target dynamic synergies,2007-10-24 09:23:45,Completed,802
944,Sewer,synergize enterprise e-markets,2009-12-14 19:17:34,In Progress,600
945,Pipeline,mesh dynamic users,2017-01-16 03:27:01,Completed,608
946,Pipeline,optimize distributed interfaces,1999-11-01 12:46:55,Completed,214
947,Sewer,visualize next-generation eyeballs,2010-07-24 08:32:10,In Progress,514
948,Sewer,enable 24/365 platforms,2019-06-16 08:52:16,In Progress,918
949,Road Construction,transform holistic portals,2006-10-12 10:11:17,Not Started,13
950,Powerline,innovate cross-media platforms,2010-04-13 12:56:17,In Progress,758
951,Road Construction,transform impactful paradigms,2006-05-17 14:17:02,Completed,865
952,Traffic Light,whiteboard granular technologies,2009-05-01 04:28:35,Completed,278
953,Road Construction,matrix out-of-the-box infrastructures,2005-01-12 16:59:38,Not Started,909
954,Electricity,deliver scalable infrastructures,2024-04-17 03:46:03,In Progress,199
955,Electricity,implement compelling channels,1999-02-10 08:01:25,Not Started,640
956,Traffic Light,scale transparent markets,2012-12-16 17:27:56,In Progress,331
957,Electricity,implement back-end action-items,2001-06-23 19:36:14,Completed,63
958,Sewer,matrix end-to-end e-services,2015-05-21 18:47:03,Completed,497
959,Pipeline,transform impactful functionalities,2023-07-10 04:21:08,In Progress,140
960,Sewer,transition plug-and-play web services,2022-09-26 01:20:15,Completed,377
961,Road Construction,deploy revolutionary deliverables,2023-08-09 00:13:09,In Progress,528
962,Road Construction,leverage dot-com initiatives,2003-10-15 17:58:21,In Progress,956
963,Electricity,streamline efficient methodologies,2003-07-08 00:00:43,Completed,318
964,Pipeline,benchmark end-to-end methodologies,2004-06-26 13:04:44,In Progress,802
965,Sewer,implement strategic users,2012-01-29 20:25:43,Not Started,97
966,Powerline,productize impactful metrics,2015-09-15 02:21:45,In Progress,631
967,Powerline,enhance leading-edge metrics,2012-11-24 01:00:46,In Progress,676
968,Powerline,evolve virtual action-items,2009-07-18 15:23:00,In Progress,291
969,Sewer,evolve revolutionary infomediaries,2021-06-30 16:01:57,In Progress,285
970,Traffic Light,brand extensible platforms,2004-04-22 13:58:38,Completed,472
971,Pipeline,visualize viral markets,2023-01-20 02:40:16,Not Started,991
972,Electricity,grow one-to-one technologies,2022-05-07 11:19:51,In Progress,855
973,Sewer,synergize clicks-and-mortar relationships,2015-12-25 13:51:40,Completed,450
974,Road Construction,redefine rich vortals,2008-05-16 02:41:19,Completed,727
975,Road Construction,monetize out-of-the-box experiences,2018-04-13 13:21:00,Completed,906
976,Pipeline,e-enable sticky experiences,2008-01-03 06:35:02,In Progress,287
977,Sewer,iterate out-of-the-box schemas,2023-08-24 20:04:35,Not Started,210
978,Pipeline,mesh sticky networks,1999-12-08 22:20:45,Not Started,209
979,Electricity,incentivize e-business users,2017-03-30 17:06:10,In Progress,759
980,Traffic Light,embrace e-business schemas,2001-03-07 18:13:56,In Progress,857
981,Traffic Light,leverage frictionless infrastructures,2020-10-27 23:43:47,Completed,882
982,Sewer,expedite one-to-one partnerships,2018-12-02 23:08:04,Completed,909
983,Road Construction,e-enable revolutionary technologies,2021-03-31 11:10:36,Not Started,982
984,Pipeline,innovate innovative ROI,2002-08-27 02:29:08,In Progress,408
985,Pipeline,grow end-to-end e-services,2022-02-21 20:46:39,In Progress,552
986,Electricity,enable dynamic e-services,2005-12-02 15:11:53,Completed,806
987,Road Construction,evolve virtual models,2004-01-11 08:15:11,In Progress,687
988,Sewer,enable integrated infrastructures,2021-09-19 08:09:23,Completed,61
989,Sewer,implement mission-critical content,2013-03-01 00:40:58,Completed,851
990,Electricity,empower interactive deliverables,2016-01-07 13:44:15,Completed,240
991,Powerline,iterate front-end ROI,2006-06-29 00:45:09,Not Started,261
992,Powerline,redefine cross-media partnerships,1998-11-21 16:18:51,Not Started,821
993,Traffic Light,streamline proactive vortals,2000-06-10 10:13:31,In Progress,265
994,Traffic Light,monetize cross-platform markets,1998-01-01 09:15:21,Not Started,311
995,Road Construction,incentivize intuitive technologies,2006-07-14 23:19:58,Completed,689
996,Sewer,reinvent vertical networks,2010-07-13 03:35:28,In Progress,133
997,Electricity,deploy ubiquitous e-business,2009-02-05 13:01:24,Not Started,393
998,Sewer,seize innovative portals,2006-11-29 10:25:36,Completed,727
999,Electricity,morph extensible interfaces,2019-06-10 05:03:39,In Progress,748
1000,Pipeline,architect extensible solutions,2013-05-06 14:44:45,In Progress,993
