ID,ScheduleDate,CompletedDate,UtilityID,TrafficLightID,TechnicianId
1,1/15/2022,error: Field 'ScheduledDate' not found,212,,2
2,10/19/2023,error: Field 'ScheduledDate' not found,,70,46
3,12/30/2021,error: Field 'ScheduledDate' not found,765,,42
4,3/2/1998,error: Field 'ScheduledDate' not found,367,,19
5,12/2/2009,error: Field 'ScheduledDate' not found,960,,36
6,3/28/1998,error: Field 'ScheduledDate' not found,,436,1
7,2/7/2013,error: Field 'ScheduledDate' not found,91,,39
8,9/2/2005,error: Field 'ScheduledDate' not found,814,,6
9,4/7/2019,error: Field 'ScheduledDate' not found,,496,40
10,7/28/2011,error: Field 'ScheduledDate' not found,,308,14
11,6/4/2002,error: Field 'ScheduledDate' not found,514,,27
12,3/18/2004,error: Field 'ScheduledDate' not found,872,,4
13,1/23/2019,error: Field 'ScheduledDate' not found,,49,10
14,2/25/2013,error: Field 'ScheduledDate' not found,823,,32
15,6/27/2019,error: Field 'ScheduledDate' not found,474,,22
16,2/20/2022,error: Field 'ScheduledDate' not found,616,,37
17,9/27/2022,error: Field 'ScheduledDate' not found,655,,35
18,11/28/2013,error: Field 'ScheduledDate' not found,75,,35
19,10/15/1999,error: Field 'ScheduledDate' not found,,846,3
20,2/5/2015,error: Field 'ScheduledDate' not found,399,,6
21,8/29/2009,error: Field 'ScheduledDate' not found,994,,46
22,7/26/1999,error: Field 'ScheduledDate' not found,904,,22
23,3/2/2022,error: Field 'ScheduledDate' not found,,391,4
24,9/27/2009,error: Field 'ScheduledDate' not found,666,,32
25,5/8/2017,error: Field 'ScheduledDate' not found,599,,48
26,8/30/2013,error: Field 'ScheduledDate' not found,,84,10
27,10/10/2002,error: Field 'ScheduledDate' not found,677,,18
28,3/23/2020,error: Field 'ScheduledDate' not found,707,,5
29,10/4/1998,error: Field 'ScheduledDate' not found,,109,37
30,7/15/2010,error: Field 'ScheduledDate' not found,350,,30
31,12/13/2018,error: Field 'ScheduledDate' not found,,708,6
32,3/9/2022,error: Field 'ScheduledDate' not found,907,,50
33,8/24/2009,error: Field 'ScheduledDate' not found,940,,34
34,5/15/2010,error: Field 'ScheduledDate' not found,5,,19
35,2/6/1998,error: Field 'ScheduledDate' not found,606,,30
36,7/21/2004,error: Field 'ScheduledDate' not found,591,,24
37,9/29/2002,error: Field 'ScheduledDate' not found,406,,35
38,7/10/2001,error: Field 'ScheduledDate' not found,593,,22
39,6/4/2020,error: Field 'ScheduledDate' not found,214,,24
40,5/13/2007,error: Field 'ScheduledDate' not found,386,,28
41,10/28/2011,error: Field 'ScheduledDate' not found,630,,23
42,7/25/2015,error: Field 'ScheduledDate' not found,988,,21
43,12/11/2017,error: Field 'ScheduledDate' not found,257,,47
44,10/31/2005,error: Field 'ScheduledDate' not found,,27,25
45,11/28/2011,error: Field 'ScheduledDate' not found,536,,37
46,10/7/2008,error: Field 'ScheduledDate' not found,,98,25
47,5/2/2018,error: Field 'ScheduledDate' not found,55,,30
48,12/29/1999,error: Field 'ScheduledDate' not found,369,,6
49,5/25/2002,error: Field 'ScheduledDate' not found,96,,18
50,9/27/2021,error: Field 'ScheduledDate' not found,,670,24
51,3/16/2010,error: Field 'ScheduledDate' not found,468,,36
52,3/31/2006,error: Field 'ScheduledDate' not found,632,,20
53,7/16/2005,error: Field 'ScheduledDate' not found,649,,5
54,1/15/2001,error: Field 'ScheduledDate' not found,414,,24
55,12/29/2012,error: Field 'ScheduledDate' not found,,483,12
56,7/25/2021,error: Field 'ScheduledDate' not found,,124,29
57,8/7/2009,error: Field 'ScheduledDate' not found,,875,21
58,5/2/2017,error: Field 'ScheduledDate' not found,846,,34
59,9/21/2012,error: Field 'ScheduledDate' not found,573,,38
60,8/7/2003,error: Field 'ScheduledDate' not found,227,,33
61,6/10/2008,error: Field 'ScheduledDate' not found,597,,49
62,1/21/2023,error: Field 'ScheduledDate' not found,213,,43
63,11/18/2009,error: Field 'ScheduledDate' not found,,832,29
64,3/3/2012,error: Field 'ScheduledDate' not found,835,,27
65,8/3/2003,error: Field 'ScheduledDate' not found,,941,36
66,6/3/2004,error: Field 'ScheduledDate' not found,497,,34
67,12/28/2000,error: Field 'ScheduledDate' not found,,350,35
68,1/31/2012,error: Field 'ScheduledDate' not found,374,,42
69,3/15/2021,error: Field 'ScheduledDate' not found,,388,43
70,10/8/2013,error: Field 'ScheduledDate' not found,466,,24
71,3/7/2018,error: Field 'ScheduledDate' not found,243,,45
72,11/4/2005,error: Field 'ScheduledDate' not found,726,,25
73,6/19/2003,error: Field 'ScheduledDate' not found,113,,2
74,12/13/2003,error: Field 'ScheduledDate' not found,189,,49
75,11/1/2019,error: Field 'ScheduledDate' not found,,613,4
76,10/20/2023,error: Field 'ScheduledDate' not found,416,,41
77,10/12/2007,error: Field 'ScheduledDate' not found,84,,46
78,2/27/2024,error: Field 'ScheduledDate' not found,64,,44
79,2/22/2015,error: Field 'ScheduledDate' not found,670,,35
80,7/9/2004,error: Field 'ScheduledDate' not found,,636,28
81,6/27/2010,error: Field 'ScheduledDate' not found,532,,35
82,12/31/2022,error: Field 'ScheduledDate' not found,,230,11
83,1/19/2015,error: Field 'ScheduledDate' not found,929,,1
84,3/19/2018,error: Field 'ScheduledDate' not found,783,,50
85,9/18/2002,error: Field 'ScheduledDate' not found,698,,42
86,8/29/2000,error: Field 'ScheduledDate' not found,230,,1
87,2/19/2023,error: Field 'ScheduledDate' not found,401,,49
88,5/30/2003,error: Field 'ScheduledDate' not found,858,,19
89,6/21/2006,error: Field 'ScheduledDate' not found,382,,9
90,7/21/2001,error: Field 'ScheduledDate' not found,,357,41
91,10/29/2019,error: Field 'ScheduledDate' not found,,446,19
92,3/25/1999,error: Field 'ScheduledDate' not found,349,,34
93,1/16/1999,error: Field 'ScheduledDate' not found,,81,5
94,11/7/2007,error: Field 'ScheduledDate' not found,,450,44
95,11/10/2011,error: Field 'ScheduledDate' not found,,998,48
96,9/22/2012,error: Field 'ScheduledDate' not found,2,,5
97,8/27/2014,error: Field 'ScheduledDate' not found,342,,3
98,7/7/2015,error: Field 'ScheduledDate' not found,975,,33
99,1/18/2020,error: Field 'ScheduledDate' not found,367,,13
100,10/19/2013,error: Field 'ScheduledDate' not found,142,,31
101,6/27/2021,error: Field 'ScheduledDate' not found,877,,24
102,8/8/2021,error: Field 'ScheduledDate' not found,99,,16
103,4/25/2019,error: Field 'ScheduledDate' not found,,842,50
104,10/24/2020,error: Field 'ScheduledDate' not found,,88,14
105,11/3/2019,error: Field 'ScheduledDate' not found,608,,29
106,2/15/2010,error: Field 'ScheduledDate' not found,604,,4
107,3/17/2019,error: Field 'ScheduledDate' not found,,878,41
108,3/4/2012,error: Field 'ScheduledDate' not found,882,,43
109,6/30/2015,error: Field 'ScheduledDate' not found,944,,21
110,10/16/2003,error: Field 'ScheduledDate' not found,,792,18
111,3/7/2004,error: Field 'ScheduledDate' not found,613,,31
112,2/25/2023,error: Field 'ScheduledDate' not found,,27,9
113,10/1/2020,error: Field 'ScheduledDate' not found,28,,39
114,7/6/2022,error: Field 'ScheduledDate' not found,,44,19
115,5/5/2000,error: Field 'ScheduledDate' not found,972,,47
116,10/21/2016,error: Field 'ScheduledDate' not found,612,,44
117,12/31/2020,error: Field 'ScheduledDate' not found,176,,30
118,1/21/2013,error: Field 'ScheduledDate' not found,300,,23
119,8/6/2006,error: Field 'ScheduledDate' not found,,714,44
120,10/24/2020,error: Field 'ScheduledDate' not found,893,,23
121,6/20/2021,error: Field 'ScheduledDate' not found,417,,28
122,2/8/2024,error: Field 'ScheduledDate' not found,164,,13
123,12/1/2021,error: Field 'ScheduledDate' not found,609,,12
124,6/6/1999,error: Field 'ScheduledDate' not found,150,,43
125,12/6/2000,error: Field 'ScheduledDate' not found,,554,10
126,4/7/1998,error: Field 'ScheduledDate' not found,,531,20
127,11/1/1999,error: Field 'ScheduledDate' not found,,813,4
128,4/30/2013,error: Field 'ScheduledDate' not found,403,,36
129,11/9/2011,error: Field 'ScheduledDate' not found,271,,45
130,10/29/2021,error: Field 'ScheduledDate' not found,,120,48
131,3/26/2023,error: Field 'ScheduledDate' not found,,398,4
132,7/4/2000,error: Field 'ScheduledDate' not found,496,,22
133,1/15/2011,error: Field 'ScheduledDate' not found,885,,23
134,6/14/2019,error: Field 'ScheduledDate' not found,291,,48
135,8/18/2022,error: Field 'ScheduledDate' not found,691,,34
136,10/6/2016,error: Field 'ScheduledDate' not found,511,,47
137,10/5/2019,error: Field 'ScheduledDate' not found,262,,36
138,10/6/1997,error: Field 'ScheduledDate' not found,488,,23
139,8/31/2005,error: Field 'ScheduledDate' not found,385,,33
140,7/20/2015,error: Field 'ScheduledDate' not found,714,,8
141,9/15/2023,error: Field 'ScheduledDate' not found,54,,26
142,9/16/2015,error: Field 'ScheduledDate' not found,294,,25
143,12/18/2009,error: Field 'ScheduledDate' not found,144,,16
144,2/8/2015,error: Field 'ScheduledDate' not found,704,,37
145,11/7/2017,error: Field 'ScheduledDate' not found,593,,7
146,11/22/2004,error: Field 'ScheduledDate' not found,67,,34
147,11/29/2020,error: Field 'ScheduledDate' not found,448,,6
148,10/31/2000,error: Field 'ScheduledDate' not found,,987,16
149,7/18/1999,error: Field 'ScheduledDate' not found,306,,5
150,4/30/2019,error: Field 'ScheduledDate' not found,959,,8
151,1/16/2014,error: Field 'ScheduledDate' not found,836,,7
152,10/7/2023,error: Field 'ScheduledDate' not found,182,,10
153,3/25/2001,error: Field 'ScheduledDate' not found,764,,21
154,1/14/2018,error: Field 'ScheduledDate' not found,,3,24
155,12/14/2009,error: Field 'ScheduledDate' not found,873,,48
156,10/6/2012,error: Field 'ScheduledDate' not found,385,,20
157,6/4/2001,error: Field 'ScheduledDate' not found,,353,9
158,1/26/2020,error: Field 'ScheduledDate' not found,738,,24
159,5/7/2006,error: Field 'ScheduledDate' not found,,333,31
160,5/4/2014,error: Field 'ScheduledDate' not found,,981,38
161,5/28/2002,error: Field 'ScheduledDate' not found,174,,43
162,7/21/2015,error: Field 'ScheduledDate' not found,906,,6
163,4/2/2005,,,901,44
164,6/27/2016,error: Field 'ScheduledDate' not found,424,,3
165,8/25/2019,error: Field 'ScheduledDate' not found,753,,2
166,2/2/2023,error: Field 'ScheduledDate' not found,749,,19
167,11/10/2000,error: Field 'ScheduledDate' not found,357,,44
168,8/5/2018,error: Field 'ScheduledDate' not found,,250,6
169,7/26/2001,error: Field 'ScheduledDate' not found,,771,40
170,4/4/2011,error: Field 'ScheduledDate' not found,,353,31
171,1/13/2009,error: Field 'ScheduledDate' not found,104,,22
172,11/29/2011,error: Field 'ScheduledDate' not found,,790,12
173,10/1/2010,error: Field 'ScheduledDate' not found,198,,32
174,8/21/2011,error: Field 'ScheduledDate' not found,,553,18
175,10/19/2012,error: Field 'ScheduledDate' not found,511,,41
176,2/22/2016,error: Field 'ScheduledDate' not found,488,,41
177,4/22/2008,error: Field 'ScheduledDate' not found,698,,5
178,2/22/2016,error: Field 'ScheduledDate' not found,,335,10
179,9/13/2015,error: Field 'ScheduledDate' not found,,231,32
180,8/22/2021,error: Field 'ScheduledDate' not found,,315,37
181,5/17/1998,error: Field 'ScheduledDate' not found,133,,44
182,7/23/2007,error: Field 'ScheduledDate' not found,,949,48
183,6/7/2003,error: Field 'ScheduledDate' not found,216,,1
184,4/2/1998,error: Field 'ScheduledDate' not found,,415,46
185,9/24/2012,error: Field 'ScheduledDate' not found,729,,30
186,8/27/2006,error: Field 'ScheduledDate' not found,,46,3
187,5/20/2006,error: Field 'ScheduledDate' not found,204,,18
188,5/8/2018,error: Field 'ScheduledDate' not found,676,,10
189,7/4/2016,error: Field 'ScheduledDate' not found,824,,6
190,1/29/2024,error: Field 'ScheduledDate' not found,,967,23
191,4/27/2008,error: Field 'ScheduledDate' not found,801,,8
192,5/16/1999,error: Field 'ScheduledDate' not found,709,,50
193,3/4/2024,error: Field 'ScheduledDate' not found,804,,47
194,1/17/2009,error: Field 'ScheduledDate' not found,762,,9
195,6/13/2000,error: Field 'ScheduledDate' not found,,770,29
196,3/8/2023,error: Field 'ScheduledDate' not found,376,,8
197,3/20/2021,error: Field 'ScheduledDate' not found,339,,41
198,2/28/2024,error: Field 'ScheduledDate' not found,831,,11
199,11/17/2021,error: Field 'ScheduledDate' not found,908,,2
200,3/20/2023,error: Field 'ScheduledDate' not found,564,,43
201,6/29/2012,error: Field 'ScheduledDate' not found,291,,47
202,9/26/2001,error: Field 'ScheduledDate' not found,96,,24
203,12/5/2001,error: Field 'ScheduledDate' not found,619,,11
204,5/4/2003,error: Field 'ScheduledDate' not found,14,,1
205,1/21/2020,error: Field 'ScheduledDate' not found,544,,19
206,3/5/2024,error: Field 'ScheduledDate' not found,,625,5
207,12/18/2013,error: Field 'ScheduledDate' not found,432,,22
208,2/26/2011,error: Field 'ScheduledDate' not found,74,,13
209,5/16/2004,error: Field 'ScheduledDate' not found,,357,19
210,8/4/2009,error: Field 'ScheduledDate' not found,700,,24
211,11/17/2018,error: Field 'ScheduledDate' not found,284,,7
212,11/19/2005,error: Field 'ScheduledDate' not found,301,,26
213,8/10/1997,error: Field 'ScheduledDate' not found,748,,9
214,12/13/2015,error: Field 'ScheduledDate' not found,571,,46
215,12/17/2000,error: Field 'ScheduledDate' not found,558,,47
216,11/4/2016,error: Field 'ScheduledDate' not found,472,,15
217,6/23/2022,error: Field 'ScheduledDate' not found,,508,18
218,10/16/2001,error: Field 'ScheduledDate' not found,424,,28
219,9/1/2004,error: Field 'ScheduledDate' not found,,705,35
220,11/20/1997,error: Field 'ScheduledDate' not found,965,,25
221,2/15/2017,error: Field 'ScheduledDate' not found,703,,20
222,7/6/2004,error: Field 'ScheduledDate' not found,229,,26
223,7/7/2018,error: Field 'ScheduledDate' not found,75,,9
224,10/14/2010,error: Field 'ScheduledDate' not found,949,,17
225,3/11/2020,error: Field 'ScheduledDate' not found,283,,42
226,6/4/2012,error: Field 'ScheduledDate' not found,777,,34
227,12/1/2003,error: Field 'ScheduledDate' not found,54,,4
228,6/7/2013,error: Field 'ScheduledDate' not found,140,,31
229,7/14/2006,error: Field 'ScheduledDate' not found,500,,25
230,1/29/2007,error: Field 'ScheduledDate' not found,,168,35
231,5/26/2001,error: Field 'ScheduledDate' not found,263,,47
232,6/12/2023,error: Field 'ScheduledDate' not found,13,,17
233,4/18/2001,error: Field 'ScheduledDate' not found,,88,50
234,6/8/2010,error: Field 'ScheduledDate' not found,,940,34
235,12/15/2004,error: Field 'ScheduledDate' not found,,150,48
236,2/6/2014,error: Field 'ScheduledDate' not found,4,,38
237,6/13/2019,error: Field 'ScheduledDate' not found,618,,16
238,4/24/2005,error: Field 'ScheduledDate' not found,388,,2
239,2/5/1999,error: Field 'ScheduledDate' not found,,347,1
240,7/20/1999,error: Field 'ScheduledDate' not found,493,,31
241,4/1/2004,error: Field 'ScheduledDate' not found,635,,14
242,11/8/2004,error: Field 'ScheduledDate' not found,727,,34
243,10/12/2022,error: Field 'ScheduledDate' not found,872,,10
244,3/24/2020,error: Field 'ScheduledDate' not found,,163,27
245,4/27/2023,error: Field 'ScheduledDate' not found,830,,19
246,2/6/2007,error: Field 'ScheduledDate' not found,552,,34
247,1/20/2004,error: Field 'ScheduledDate' not found,938,,32
248,8/8/1998,error: Field 'ScheduledDate' not found,357,,47
249,11/30/2017,error: Field 'ScheduledDate' not found,,557,1
250,5/29/2018,error: Field 'ScheduledDate' not found,,87,19
251,12/28/2016,error: Field 'ScheduledDate' not found,960,,31
252,8/3/2017,error: Field 'ScheduledDate' not found,601,,22
253,4/5/2004,error: Field 'ScheduledDate' not found,631,,12
254,9/26/2005,,444,,37
255,7/3/2010,error: Field 'ScheduledDate' not found,47,,37
256,9/11/2003,error: Field 'ScheduledDate' not found,,238,29
257,12/22/2008,error: Field 'ScheduledDate' not found,847,,31
258,3/16/2023,error: Field 'ScheduledDate' not found,731,,5
259,3/14/2005,error: Field 'ScheduledDate' not found,790,,39
260,2/1/2018,error: Field 'ScheduledDate' not found,,2,18
261,3/3/2009,error: Field 'ScheduledDate' not found,907,,24
262,9/26/1998,error: Field 'ScheduledDate' not found,845,,32
263,5/5/2006,error: Field 'ScheduledDate' not found,499,,14
264,2/15/2018,error: Field 'ScheduledDate' not found,393,,11
265,8/9/1998,error: Field 'ScheduledDate' not found,772,,24
266,8/14/2011,error: Field 'ScheduledDate' not found,887,,19
267,3/17/2015,error: Field 'ScheduledDate' not found,499,,17
268,7/24/2016,error: Field 'ScheduledDate' not found,124,,23
269,3/2/1999,error: Field 'ScheduledDate' not found,,576,9
270,9/12/1998,error: Field 'ScheduledDate' not found,898,,1
271,10/10/2007,error: Field 'ScheduledDate' not found,,903,5
272,2/7/2016,error: Field 'ScheduledDate' not found,,917,37
273,7/27/2000,error: Field 'ScheduledDate' not found,808,,50
274,10/1/2015,,620,,45
275,10/23/1997,error: Field 'ScheduledDate' not found,761,,27
276,3/3/2022,error: Field 'ScheduledDate' not found,848,,7
277,9/15/2015,error: Field 'ScheduledDate' not found,923,,46
278,11/22/2011,error: Field 'ScheduledDate' not found,663,,14
279,11/26/1998,error: Field 'ScheduledDate' not found,,899,7
280,7/15/2007,error: Field 'ScheduledDate' not found,864,,19
281,9/11/2021,error: Field 'ScheduledDate' not found,313,,11
282,12/25/2000,error: Field 'ScheduledDate' not found,897,,46
283,3/4/2024,error: Field 'ScheduledDate' not found,211,,2
284,3/7/2012,error: Field 'ScheduledDate' not found,,747,35
285,10/23/2007,error: Field 'ScheduledDate' not found,,123,23
286,12/26/2017,error: Field 'ScheduledDate' not found,998,,3
287,10/6/2021,error: Field 'ScheduledDate' not found,,762,17
288,6/24/1999,error: Field 'ScheduledDate' not found,976,,8
289,11/28/1997,error: Field 'ScheduledDate' not found,662,,33
290,8/5/2002,error: Field 'ScheduledDate' not found,422,,46
291,9/24/2015,error: Field 'ScheduledDate' not found,386,,24
292,7/20/1997,error: Field 'ScheduledDate' not found,253,,42
293,7/15/2012,error: Field 'ScheduledDate' not found,47,,26
294,2/13/2006,error: Field 'ScheduledDate' not found,341,,41
295,7/24/2017,error: Field 'ScheduledDate' not found,780,,45
296,12/22/2021,error: Field 'ScheduledDate' not found,903,,28
297,10/1/2006,error: Field 'ScheduledDate' not found,523,,37
298,5/25/2001,,488,,28
299,11/9/2011,error: Field 'ScheduledDate' not found,,810,2
300,3/30/2023,error: Field 'ScheduledDate' not found,,825,29
301,4/7/2002,error: Field 'ScheduledDate' not found,365,,4
302,5/7/2002,error: Field 'ScheduledDate' not found,518,,7
303,6/15/2014,error: Field 'ScheduledDate' not found,142,,49
304,8/12/2004,error: Field 'ScheduledDate' not found,288,,25
305,5/2/2024,error: Field 'ScheduledDate' not found,,450,34
306,12/24/2015,error: Field 'ScheduledDate' not found,285,,50
307,6/20/2007,error: Field 'ScheduledDate' not found,473,,40
308,3/25/2012,error: Field 'ScheduledDate' not found,,894,32
309,9/18/2006,error: Field 'ScheduledDate' not found,,806,38
310,2/6/2022,,,199,28
311,4/6/2023,error: Field 'ScheduledDate' not found,,649,50
312,6/7/2000,error: Field 'ScheduledDate' not found,191,,40
313,9/18/2007,,,10,28
314,2/25/2005,error: Field 'ScheduledDate' not found,177,,4
315,6/5/2006,error: Field 'ScheduledDate' not found,604,,39
316,10/30/2014,error: Field 'ScheduledDate' not found,,964,29
317,5/29/2005,error: Field 'ScheduledDate' not found,537,,2
318,8/23/2019,error: Field 'ScheduledDate' not found,988,,49
319,9/1/1997,error: Field 'ScheduledDate' not found,679,,34
320,1/11/2008,error: Field 'ScheduledDate' not found,707,,6
321,12/15/2017,error: Field 'ScheduledDate' not found,,271,43
322,4/30/2000,error: Field 'ScheduledDate' not found,622,,15
323,1/1/2019,error: Field 'ScheduledDate' not found,636,,45
324,4/1/2002,error: Field 'ScheduledDate' not found,873,,43
325,5/20/2003,error: Field 'ScheduledDate' not found,848,,33
326,3/27/1999,error: Field 'ScheduledDate' not found,636,,26
327,2/23/2022,error: Field 'ScheduledDate' not found,926,,40
328,10/10/1999,,,66,43
329,1/15/2023,error: Field 'ScheduledDate' not found,431,,21
330,2/11/2001,error: Field 'ScheduledDate' not found,,128,32
331,5/20/1999,error: Field 'ScheduledDate' not found,,882,29
332,9/6/2004,error: Field 'ScheduledDate' not found,734,,7
333,1/1/2007,error: Field 'ScheduledDate' not found,411,,11
334,10/17/2009,error: Field 'ScheduledDate' not found,,251,14
335,9/11/2011,error: Field 'ScheduledDate' not found,552,,9
336,1/9/2003,error: Field 'ScheduledDate' not found,899,,24
337,8/13/2022,error: Field 'ScheduledDate' not found,403,,47
338,7/18/2008,error: Field 'ScheduledDate' not found,882,,37
339,7/2/2001,error: Field 'ScheduledDate' not found,71,,38
340,10/9/2023,error: Field 'ScheduledDate' not found,632,,3
341,8/16/1997,error: Field 'ScheduledDate' not found,382,,35
342,11/8/1998,error: Field 'ScheduledDate' not found,424,,27
343,8/6/1999,error: Field 'ScheduledDate' not found,354,,47
344,8/17/2011,error: Field 'ScheduledDate' not found,,80,48
345,11/25/2000,error: Field 'ScheduledDate' not found,93,,34
346,4/30/2021,error: Field 'ScheduledDate' not found,472,,42
347,9/28/2017,error: Field 'ScheduledDate' not found,,980,11
348,7/9/2011,error: Field 'ScheduledDate' not found,788,,38
349,11/1/2023,error: Field 'ScheduledDate' not found,,641,43
350,7/12/1999,error: Field 'ScheduledDate' not found,,923,36
351,10/22/2011,error: Field 'ScheduledDate' not found,813,,40
352,10/22/1998,error: Field 'ScheduledDate' not found,,654,37
353,11/10/2002,error: Field 'ScheduledDate' not found,326,,2
354,12/2/2011,error: Field 'ScheduledDate' not found,748,,38
355,2/25/2000,error: Field 'ScheduledDate' not found,325,,28
356,12/2/2009,error: Field 'ScheduledDate' not found,257,,4
357,10/1/2005,error: Field 'ScheduledDate' not found,,403,16
358,11/27/2006,error: Field 'ScheduledDate' not found,,198,11
359,2/12/2024,error: Field 'ScheduledDate' not found,265,,33
360,1/22/2002,error: Field 'ScheduledDate' not found,856,,15
361,11/24/1997,error: Field 'ScheduledDate' not found,825,,38
362,6/3/2023,error: Field 'ScheduledDate' not found,,251,9
363,12/5/1998,error: Field 'ScheduledDate' not found,447,,48
364,12/13/2014,error: Field 'ScheduledDate' not found,,183,11
365,5/23/2000,error: Field 'ScheduledDate' not found,367,,24
366,10/5/2016,error: Field 'ScheduledDate' not found,,317,28
367,5/18/1999,error: Field 'ScheduledDate' not found,527,,28
368,7/10/2019,error: Field 'ScheduledDate' not found,316,,11
369,12/13/2019,error: Field 'ScheduledDate' not found,998,,44
370,12/21/2010,error: Field 'ScheduledDate' not found,797,,50
371,1/29/2000,error: Field 'ScheduledDate' not found,129,,12
372,11/10/2012,error: Field 'ScheduledDate' not found,378,,25
373,6/10/2009,error: Field 'ScheduledDate' not found,612,,45
374,11/7/2012,error: Field 'ScheduledDate' not found,35,,48
375,4/12/2001,error: Field 'ScheduledDate' not found,,540,39
376,6/30/1998,error: Field 'ScheduledDate' not found,,833,31
377,7/10/2007,error: Field 'ScheduledDate' not found,731,,14
378,6/13/2023,error: Field 'ScheduledDate' not found,804,,32
379,11/7/1997,error: Field 'ScheduledDate' not found,821,,8
380,2/26/2014,error: Field 'ScheduledDate' not found,709,,43
381,8/22/2007,error: Field 'ScheduledDate' not found,223,,27
382,10/15/2010,error: Field 'ScheduledDate' not found,60,,21
383,9/1/2012,error: Field 'ScheduledDate' not found,,775,43
384,11/12/2018,error: Field 'ScheduledDate' not found,359,,6
385,8/6/1997,,,851,6
386,5/19/2009,error: Field 'ScheduledDate' not found,,188,13
387,7/20/2017,error: Field 'ScheduledDate' not found,,598,41
388,11/30/2004,error: Field 'ScheduledDate' not found,,32,33
389,7/4/2015,error: Field 'ScheduledDate' not found,165,,5
390,7/25/1997,error: Field 'ScheduledDate' not found,14,,10
391,7/25/2010,error: Field 'ScheduledDate' not found,572,,46
392,3/14/2001,error: Field 'ScheduledDate' not found,597,,43
393,6/7/2006,error: Field 'ScheduledDate' not found,,150,43
394,6/6/1998,error: Field 'ScheduledDate' not found,77,,28
395,9/5/2002,error: Field 'ScheduledDate' not found,650,,38
396,11/22/2015,error: Field 'ScheduledDate' not found,103,,43
397,9/27/2005,error: Field 'ScheduledDate' not found,61,,1
398,8/3/1999,error: Field 'ScheduledDate' not found,,973,39
399,9/26/1997,error: Field 'ScheduledDate' not found,292,,25
400,12/16/2008,error: Field 'ScheduledDate' not found,697,,44
401,12/1/2006,error: Field 'ScheduledDate' not found,13,,35
402,4/20/2019,error: Field 'ScheduledDate' not found,874,,40
403,3/16/2007,error: Field 'ScheduledDate' not found,142,,50
404,2/2/2014,error: Field 'ScheduledDate' not found,472,,19
405,9/22/2009,error: Field 'ScheduledDate' not found,,925,25
406,9/19/2001,error: Field 'ScheduledDate' not found,232,,43
407,2/25/1998,error: Field 'ScheduledDate' not found,733,,16
408,10/23/2007,error: Field 'ScheduledDate' not found,668,,35
409,4/28/2004,error: Field 'ScheduledDate' not found,735,,42
410,10/19/2003,error: Field 'ScheduledDate' not found,179,,24
411,12/26/2018,error: Field 'ScheduledDate' not found,,589,1
412,9/10/2002,error: Field 'ScheduledDate' not found,332,,33
413,5/17/2020,error: Field 'ScheduledDate' not found,44,,25
414,5/18/1998,error: Field 'ScheduledDate' not found,,980,46
415,11/26/2015,error: Field 'ScheduledDate' not found,44,,13
416,7/9/2014,error: Field 'ScheduledDate' not found,658,,42
417,1/18/2005,error: Field 'ScheduledDate' not found,707,,31
418,11/12/2015,error: Field 'ScheduledDate' not found,768,,27
419,8/4/2023,error: Field 'ScheduledDate' not found,333,,29
420,5/2/2016,error: Field 'ScheduledDate' not found,598,,41
421,7/16/2010,,,57,29
422,12/23/2021,error: Field 'ScheduledDate' not found,493,,4
423,11/25/2009,error: Field 'ScheduledDate' not found,,536,49
424,12/21/2001,error: Field 'ScheduledDate' not found,353,,6
425,3/29/2005,error: Field 'ScheduledDate' not found,,859,47
426,5/7/2013,,850,,13
427,5/19/2021,error: Field 'ScheduledDate' not found,529,,49
428,5/12/2002,error: Field 'ScheduledDate' not found,358,,7
429,6/6/2004,error: Field 'ScheduledDate' not found,616,,6
430,12/29/2011,error: Field 'ScheduledDate' not found,306,,43
431,9/9/1998,error: Field 'ScheduledDate' not found,596,,16
432,2/27/2013,error: Field 'ScheduledDate' not found,839,,39
433,8/28/2002,error: Field 'ScheduledDate' not found,322,,47
434,8/29/1999,error: Field 'ScheduledDate' not found,803,,44
435,9/24/2001,error: Field 'ScheduledDate' not found,824,,17
436,8/10/2023,error: Field 'ScheduledDate' not found,,26,25
437,11/11/2008,error: Field 'ScheduledDate' not found,7,,10
438,11/24/2022,error: Field 'ScheduledDate' not found,233,,39
439,5/4/2005,error: Field 'ScheduledDate' not found,255,,17
440,11/28/2008,error: Field 'ScheduledDate' not found,515,,33
441,12/12/2003,error: Field 'ScheduledDate' not found,123,,16
442,6/23/2021,error: Field 'ScheduledDate' not found,,452,18
443,2/29/2012,error: Field 'ScheduledDate' not found,,94,13
444,7/5/2006,error: Field 'ScheduledDate' not found,255,,34
445,8/19/2005,error: Field 'ScheduledDate' not found,787,,23
446,9/12/2004,error: Field 'ScheduledDate' not found,891,,11
447,8/24/2003,error: Field 'ScheduledDate' not found,,107,30
448,1/26/2019,error: Field 'ScheduledDate' not found,336,,16
449,3/25/2006,error: Field 'ScheduledDate' not found,,423,22
450,3/4/1998,error: Field 'ScheduledDate' not found,112,,5
451,6/27/2002,error: Field 'ScheduledDate' not found,,140,44
452,11/28/2010,error: Field 'ScheduledDate' not found,,443,3
453,4/1/2009,error: Field 'ScheduledDate' not found,402,,18
454,12/20/1997,error: Field 'ScheduledDate' not found,947,,26
455,12/3/2009,error: Field 'ScheduledDate' not found,905,,38
456,10/25/2019,error: Field 'ScheduledDate' not found,441,,49
457,12/21/1999,error: Field 'ScheduledDate' not found,753,,44
458,5/1/2002,error: Field 'ScheduledDate' not found,10,,40
459,4/17/2008,,887,,19
460,12/17/2013,error: Field 'ScheduledDate' not found,35,,44
461,8/9/1998,error: Field 'ScheduledDate' not found,118,,38
462,6/24/2011,error: Field 'ScheduledDate' not found,,991,45
463,8/29/1998,error: Field 'ScheduledDate' not found,48,,3
464,7/22/2015,error: Field 'ScheduledDate' not found,,372,18
465,6/28/2020,error: Field 'ScheduledDate' not found,691,,10
466,11/7/2019,error: Field 'ScheduledDate' not found,660,,10
467,12/15/1998,error: Field 'ScheduledDate' not found,342,,4
468,3/7/2004,error: Field 'ScheduledDate' not found,726,,47
469,11/17/1997,error: Field 'ScheduledDate' not found,,137,15
470,10/12/2008,error: Field 'ScheduledDate' not found,,932,2
471,7/23/2000,error: Field 'ScheduledDate' not found,132,,20
472,11/5/2007,error: Field 'ScheduledDate' not found,29,,16
473,8/26/2019,error: Field 'ScheduledDate' not found,870,,15
474,6/22/2011,error: Field 'ScheduledDate' not found,350,,20
475,9/9/2006,error: Field 'ScheduledDate' not found,181,,22
476,6/15/2015,error: Field 'ScheduledDate' not found,784,,9
477,10/13/1997,error: Field 'ScheduledDate' not found,,655,18
478,9/10/2021,error: Field 'ScheduledDate' not found,,394,21
479,11/6/2019,error: Field 'ScheduledDate' not found,251,,30
480,5/14/2008,error: Field 'ScheduledDate' not found,313,,40
481,12/11/2011,error: Field 'ScheduledDate' not found,336,,35
482,3/3/2011,error: Field 'ScheduledDate' not found,553,,20
483,12/29/2023,error: Field 'ScheduledDate' not found,,126,23
484,11/9/2002,error: Field 'ScheduledDate' not found,785,,42
485,11/14/2016,error: Field 'ScheduledDate' not found,,656,38
486,8/18/2003,error: Field 'ScheduledDate' not found,1000,,28
487,4/10/2008,error: Field 'ScheduledDate' not found,30,,33
488,12/31/2005,error: Field 'ScheduledDate' not found,,529,10
489,3/20/2013,error: Field 'ScheduledDate' not found,228,,17
490,7/11/2014,error: Field 'ScheduledDate' not found,623,,13
491,6/13/2011,error: Field 'ScheduledDate' not found,,666,39
492,3/12/2009,error: Field 'ScheduledDate' not found,960,,14
493,3/13/2001,error: Field 'ScheduledDate' not found,,66,15
494,9/23/2022,error: Field 'ScheduledDate' not found,100,,12
495,3/26/2004,error: Field 'ScheduledDate' not found,,405,41
496,4/6/2017,error: Field 'ScheduledDate' not found,182,,33
497,5/15/2009,error: Field 'ScheduledDate' not found,498,,18
498,4/12/2022,error: Field 'ScheduledDate' not found,865,,9
499,10/18/2012,error: Field 'ScheduledDate' not found,,872,16
500,2/8/2012,error: Field 'ScheduledDate' not found,57,,12
501,2/17/2014,error: Field 'ScheduledDate' not found,151,,50
502,3/2/2021,error: Field 'ScheduledDate' not found,759,,1
503,1/23/1998,error: Field 'ScheduledDate' not found,992,,46
504,8/28/1998,error: Field 'ScheduledDate' not found,950,,39
505,6/4/2017,error: Field 'ScheduledDate' not found,309,,50
506,7/14/2013,error: Field 'ScheduledDate' not found,872,,6
507,6/18/2019,error: Field 'ScheduledDate' not found,276,,34
508,11/21/2017,error: Field 'ScheduledDate' not found,800,,8
509,9/18/2010,error: Field 'ScheduledDate' not found,397,,12
510,5/28/2021,error: Field 'ScheduledDate' not found,118,,43
511,1/19/2007,error: Field 'ScheduledDate' not found,27,,27
512,10/27/2020,error: Field 'ScheduledDate' not found,388,,27
513,3/5/2010,error: Field 'ScheduledDate' not found,57,,25
514,7/9/2015,error: Field 'ScheduledDate' not found,152,,9
515,2/15/2011,error: Field 'ScheduledDate' not found,,394,41
516,1/19/2008,error: Field 'ScheduledDate' not found,486,,34
517,5/30/2021,,327,,32
518,11/29/2006,error: Field 'ScheduledDate' not found,,781,47
519,5/30/2017,error: Field 'ScheduledDate' not found,201,,28
520,1/14/2006,error: Field 'ScheduledDate' not found,496,,45
521,5/14/2016,error: Field 'ScheduledDate' not found,578,,2
522,5/11/2020,error: Field 'ScheduledDate' not found,39,,7
523,12/8/2017,error: Field 'ScheduledDate' not found,106,,49
524,1/31/2017,error: Field 'ScheduledDate' not found,915,,25
525,11/24/2020,error: Field 'ScheduledDate' not found,473,,41
526,10/15/2003,error: Field 'ScheduledDate' not found,416,,25
527,3/9/2024,error: Field 'ScheduledDate' not found,860,,24
528,6/9/1998,error: Field 'ScheduledDate' not found,825,,44
529,2/4/2015,error: Field 'ScheduledDate' not found,,671,28
530,11/9/2001,error: Field 'ScheduledDate' not found,303,,9
531,2/12/1998,error: Field 'ScheduledDate' not found,973,,43
532,1/17/2024,error: Field 'ScheduledDate' not found,192,,43
533,4/1/2007,error: Field 'ScheduledDate' not found,112,,20
534,5/8/2015,error: Field 'ScheduledDate' not found,594,,26
535,4/21/2019,error: Field 'ScheduledDate' not found,65,,31
536,1/25/2013,error: Field 'ScheduledDate' not found,456,,29
537,9/3/2004,error: Field 'ScheduledDate' not found,,659,38
538,8/19/2001,error: Field 'ScheduledDate' not found,,778,33
539,3/30/2023,error: Field 'ScheduledDate' not found,23,,44
540,6/4/2019,error: Field 'ScheduledDate' not found,291,,45
541,3/10/2021,error: Field 'ScheduledDate' not found,942,,14
542,10/16/2005,error: Field 'ScheduledDate' not found,869,,13
543,1/9/2009,error: Field 'ScheduledDate' not found,788,,34
544,8/13/2016,error: Field 'ScheduledDate' not found,192,,5
545,7/27/2011,error: Field 'ScheduledDate' not found,130,,12
546,6/17/2019,error: Field 'ScheduledDate' not found,146,,24
547,8/21/2008,error: Field 'ScheduledDate' not found,305,,45
548,4/26/2023,error: Field 'ScheduledDate' not found,217,,36
549,8/26/2007,error: Field 'ScheduledDate' not found,77,,26
550,1/4/2002,error: Field 'ScheduledDate' not found,,294,10
551,2/5/2023,error: Field 'ScheduledDate' not found,851,,33
552,11/22/2011,error: Field 'ScheduledDate' not found,,431,35
553,11/15/2010,error: Field 'ScheduledDate' not found,939,,29
554,10/12/2023,error: Field 'ScheduledDate' not found,748,,40
555,10/19/2005,error: Field 'ScheduledDate' not found,887,,46
556,10/27/2004,error: Field 'ScheduledDate' not found,514,,11
557,6/15/2021,error: Field 'ScheduledDate' not found,,785,16
558,9/9/1998,error: Field 'ScheduledDate' not found,987,,33
559,4/4/2024,error: Field 'ScheduledDate' not found,326,,4
560,1/20/1999,error: Field 'ScheduledDate' not found,70,,24
561,4/17/2021,error: Field 'ScheduledDate' not found,704,,38
562,2/23/2003,error: Field 'ScheduledDate' not found,31,,5
563,10/2/2007,error: Field 'ScheduledDate' not found,,219,12
564,4/12/2018,error: Field 'ScheduledDate' not found,839,,36
565,1/5/2005,error: Field 'ScheduledDate' not found,667,,5
566,7/13/2001,error: Field 'ScheduledDate' not found,138,,49
567,3/5/1999,error: Field 'ScheduledDate' not found,212,,33
568,3/1/2021,error: Field 'ScheduledDate' not found,,69,2
569,11/24/1997,error: Field 'ScheduledDate' not found,811,,42
570,9/24/2016,error: Field 'ScheduledDate' not found,331,,10
571,6/10/2003,error: Field 'ScheduledDate' not found,553,,4
572,6/26/2001,error: Field 'ScheduledDate' not found,70,,1
573,4/7/2018,error: Field 'ScheduledDate' not found,599,,25
574,12/24/2001,error: Field 'ScheduledDate' not found,761,,5
575,9/4/2020,error: Field 'ScheduledDate' not found,12,,32
576,3/4/2001,error: Field 'ScheduledDate' not found,540,,6
577,10/14/2005,error: Field 'ScheduledDate' not found,341,,50
578,9/6/1998,error: Field 'ScheduledDate' not found,394,,29
579,2/11/2007,error: Field 'ScheduledDate' not found,798,,4
580,1/28/2020,error: Field 'ScheduledDate' not found,123,,26
581,7/2/2013,error: Field 'ScheduledDate' not found,403,,4
582,2/11/1999,error: Field 'ScheduledDate' not found,,805,18
583,12/7/2003,error: Field 'ScheduledDate' not found,,865,33
584,5/22/2003,error: Field 'ScheduledDate' not found,,477,23
585,12/12/2023,error: Field 'ScheduledDate' not found,80,,42
586,6/2/2016,error: Field 'ScheduledDate' not found,921,,16
587,10/25/2015,error: Field 'ScheduledDate' not found,,291,28
588,4/3/2008,error: Field 'ScheduledDate' not found,404,,40
589,8/21/2012,error: Field 'ScheduledDate' not found,256,,40
590,8/8/2008,error: Field 'ScheduledDate' not found,127,,44
591,1/17/2009,error: Field 'ScheduledDate' not found,918,,45
592,12/13/2013,error: Field 'ScheduledDate' not found,871,,8
593,8/1/2002,error: Field 'ScheduledDate' not found,332,,3
594,9/3/2006,error: Field 'ScheduledDate' not found,718,,22
595,3/13/2022,error: Field 'ScheduledDate' not found,,867,27
596,1/11/2023,error: Field 'ScheduledDate' not found,997,,42
597,11/16/2000,error: Field 'ScheduledDate' not found,993,,20
598,11/8/2018,error: Field 'ScheduledDate' not found,658,,22
599,2/1/2005,error: Field 'ScheduledDate' not found,,537,30
600,10/1/2003,error: Field 'ScheduledDate' not found,,794,24
601,10/1/2009,error: Field 'ScheduledDate' not found,352,,29
602,9/15/2010,error: Field 'ScheduledDate' not found,772,,8
603,11/14/2007,error: Field 'ScheduledDate' not found,122,,1
604,4/5/2023,error: Field 'ScheduledDate' not found,698,,22
605,4/16/2021,error: Field 'ScheduledDate' not found,,908,21
606,6/8/2013,error: Field 'ScheduledDate' not found,375,,37
607,1/29/2001,error: Field 'ScheduledDate' not found,,620,11
608,2/4/2002,error: Field 'ScheduledDate' not found,333,,21
609,3/9/2009,error: Field 'ScheduledDate' not found,,818,46
610,10/24/2001,error: Field 'ScheduledDate' not found,226,,6
611,6/26/2005,error: Field 'ScheduledDate' not found,,814,33
612,4/6/2020,error: Field 'ScheduledDate' not found,73,,47
613,9/16/2000,error: Field 'ScheduledDate' not found,928,,20
614,11/7/1998,error: Field 'ScheduledDate' not found,974,,19
615,3/1/2004,error: Field 'ScheduledDate' not found,,30,12
616,6/18/2006,error: Field 'ScheduledDate' not found,381,,1
617,9/18/2014,error: Field 'ScheduledDate' not found,375,,45
618,7/21/2022,error: Field 'ScheduledDate' not found,,703,50
619,3/10/2018,error: Field 'ScheduledDate' not found,,880,13
620,12/2/2000,error: Field 'ScheduledDate' not found,,56,14
621,12/19/2020,error: Field 'ScheduledDate' not found,,89,38
622,5/25/2005,error: Field 'ScheduledDate' not found,635,,16
623,12/25/2014,error: Field 'ScheduledDate' not found,31,,46
624,2/5/2011,error: Field 'ScheduledDate' not found,624,,47
625,8/18/2003,error: Field 'ScheduledDate' not found,,522,25
626,6/8/2011,error: Field 'ScheduledDate' not found,678,,22
627,6/22/2002,error: Field 'ScheduledDate' not found,441,,34
628,10/23/2009,error: Field 'ScheduledDate' not found,243,,16
629,3/20/2018,error: Field 'ScheduledDate' not found,,518,29
630,3/12/2022,error: Field 'ScheduledDate' not found,625,,22
631,5/4/2024,error: Field 'ScheduledDate' not found,884,,21
632,2/24/2004,error: Field 'ScheduledDate' not found,39,,49
633,5/24/2006,error: Field 'ScheduledDate' not found,448,,31
634,3/5/2016,error: Field 'ScheduledDate' not found,837,,14
635,12/9/2013,error: Field 'ScheduledDate' not found,,104,12
636,11/1/2015,error: Field 'ScheduledDate' not found,645,,49
637,9/4/2017,error: Field 'ScheduledDate' not found,318,,14
638,12/31/2011,error: Field 'ScheduledDate' not found,889,,29
639,11/16/2011,error: Field 'ScheduledDate' not found,872,,3
640,7/12/2009,error: Field 'ScheduledDate' not found,543,,25
641,9/11/2004,error: Field 'ScheduledDate' not found,511,,19
642,6/15/1998,error: Field 'ScheduledDate' not found,832,,25
643,3/6/2004,error: Field 'ScheduledDate' not found,123,,33
644,2/22/1999,error: Field 'ScheduledDate' not found,987,,44
645,5/29/2005,error: Field 'ScheduledDate' not found,,53,46
646,10/20/2000,error: Field 'ScheduledDate' not found,848,,42
647,11/11/2019,error: Field 'ScheduledDate' not found,103,,10
648,5/7/2008,error: Field 'ScheduledDate' not found,701,,25
649,11/12/1999,error: Field 'ScheduledDate' not found,,627,30
650,1/1/2023,error: Field 'ScheduledDate' not found,801,,28
651,2/16/2012,error: Field 'ScheduledDate' not found,105,,38
652,1/22/2007,error: Field 'ScheduledDate' not found,284,,8
653,4/3/2005,error: Field 'ScheduledDate' not found,440,,22
654,4/30/2017,error: Field 'ScheduledDate' not found,53,,40
655,8/13/2021,error: Field 'ScheduledDate' not found,616,,29
656,2/24/2010,error: Field 'ScheduledDate' not found,926,,11
657,4/13/2014,error: Field 'ScheduledDate' not found,920,,17
658,6/13/2006,error: Field 'ScheduledDate' not found,82,,9
659,7/31/2017,error: Field 'ScheduledDate' not found,475,,45
660,7/11/2001,error: Field 'ScheduledDate' not found,373,,3
661,2/4/2019,error: Field 'ScheduledDate' not found,858,,19
662,2/18/2002,error: Field 'ScheduledDate' not found,217,,23
663,1/1/2019,error: Field 'ScheduledDate' not found,395,,43
664,8/12/2018,error: Field 'ScheduledDate' not found,84,,30
665,10/9/1999,error: Field 'ScheduledDate' not found,929,,18
666,8/23/2001,error: Field 'ScheduledDate' not found,111,,32
667,12/26/2005,error: Field 'ScheduledDate' not found,355,,34
668,10/7/2019,error: Field 'ScheduledDate' not found,809,,36
669,2/8/2022,error: Field 'ScheduledDate' not found,959,,35
670,10/5/2000,error: Field 'ScheduledDate' not found,,756,42
671,12/4/2004,error: Field 'ScheduledDate' not found,572,,48
672,5/27/2024,error: Field 'ScheduledDate' not found,562,,48
673,12/31/2022,,,20,25
674,9/27/2004,error: Field 'ScheduledDate' not found,,212,25
675,11/14/2003,error: Field 'ScheduledDate' not found,608,,21
676,9/17/2012,error: Field 'ScheduledDate' not found,777,,24
677,8/21/2012,error: Field 'ScheduledDate' not found,,340,25
678,2/26/2004,error: Field 'ScheduledDate' not found,804,,5
679,5/3/2001,error: Field 'ScheduledDate' not found,912,,6
680,2/12/2022,error: Field 'ScheduledDate' not found,844,,10
681,8/24/2011,error: Field 'ScheduledDate' not found,149,,16
682,11/4/2019,error: Field 'ScheduledDate' not found,28,,50
683,1/12/2016,error: Field 'ScheduledDate' not found,812,,8
684,11/19/2017,error: Field 'ScheduledDate' not found,292,,5
685,7/21/2016,error: Field 'ScheduledDate' not found,617,,23
686,8/21/2010,error: Field 'ScheduledDate' not found,354,,40
687,3/21/2023,error: Field 'ScheduledDate' not found,753,,14
688,10/27/2014,error: Field 'ScheduledDate' not found,684,,35
689,6/20/2004,error: Field 'ScheduledDate' not found,198,,50
690,12/28/2016,error: Field 'ScheduledDate' not found,563,,7
691,4/3/1999,error: Field 'ScheduledDate' not found,716,,38
692,6/6/2020,error: Field 'ScheduledDate' not found,546,,34
693,10/1/2004,error: Field 'ScheduledDate' not found,558,,22
694,6/16/2017,error: Field 'ScheduledDate' not found,984,,44
695,5/25/2009,error: Field 'ScheduledDate' not found,791,,16
696,7/19/2017,error: Field 'ScheduledDate' not found,,984,4
697,9/2/2004,error: Field 'ScheduledDate' not found,91,,6
698,2/17/2020,error: Field 'ScheduledDate' not found,807,,44
699,6/17/1998,error: Field 'ScheduledDate' not found,707,,21
700,1/17/2019,error: Field 'ScheduledDate' not found,867,,35
701,8/26/2000,error: Field 'ScheduledDate' not found,276,,25
702,12/1/2020,error: Field 'ScheduledDate' not found,223,,4
703,11/22/2007,error: Field 'ScheduledDate' not found,461,,22
704,10/21/2008,error: Field 'ScheduledDate' not found,973,,1
705,1/16/2017,error: Field 'ScheduledDate' not found,34,,5
706,3/19/2023,error: Field 'ScheduledDate' not found,84,,34
707,9/20/2003,error: Field 'ScheduledDate' not found,925,,14
708,12/21/2014,error: Field 'ScheduledDate' not found,,414,17
709,9/29/2002,error: Field 'ScheduledDate' not found,,873,32
710,2/24/2014,error: Field 'ScheduledDate' not found,,127,25
711,1/9/2024,error: Field 'ScheduledDate' not found,44,,49
712,12/15/2010,error: Field 'ScheduledDate' not found,519,,46
713,5/3/2015,error: Field 'ScheduledDate' not found,974,,4
714,11/9/2000,error: Field 'ScheduledDate' not found,,704,25
715,9/28/2009,error: Field 'ScheduledDate' not found,40,,6
716,4/28/2002,error: Field 'ScheduledDate' not found,490,,17
717,1/24/2009,error: Field 'ScheduledDate' not found,691,,17
718,3/2/1999,error: Field 'ScheduledDate' not found,572,,18
719,5/29/2005,error: Field 'ScheduledDate' not found,693,,11
720,1/10/2016,error: Field 'ScheduledDate' not found,,666,2
721,3/16/2003,error: Field 'ScheduledDate' not found,152,,24
722,1/17/2020,error: Field 'ScheduledDate' not found,885,,35
723,8/9/1997,error: Field 'ScheduledDate' not found,637,,27
724,7/28/2018,error: Field 'ScheduledDate' not found,821,,31
725,7/8/2016,error: Field 'ScheduledDate' not found,,277,5
726,2/7/1998,error: Field 'ScheduledDate' not found,,232,32
727,7/20/1998,error: Field 'ScheduledDate' not found,924,,46
728,8/23/2013,error: Field 'ScheduledDate' not found,771,,46
729,2/25/2014,error: Field 'ScheduledDate' not found,357,,18
730,4/20/2023,error: Field 'ScheduledDate' not found,158,,9
731,8/13/2014,error: Field 'ScheduledDate' not found,,662,11
732,1/17/2004,error: Field 'ScheduledDate' not found,666,,43
733,5/11/2022,error: Field 'ScheduledDate' not found,753,,33
734,12/23/2022,error: Field 'ScheduledDate' not found,35,,11
735,1/25/2006,error: Field 'ScheduledDate' not found,504,,15
736,10/13/1999,error: Field 'ScheduledDate' not found,561,,36
737,9/9/2018,error: Field 'ScheduledDate' not found,,312,45
738,2/16/2004,error: Field 'ScheduledDate' not found,168,,44
739,8/20/2008,error: Field 'ScheduledDate' not found,,962,46
740,5/17/2018,error: Field 'ScheduledDate' not found,654,,13
741,9/22/2014,error: Field 'ScheduledDate' not found,648,,9
742,9/11/2011,error: Field 'ScheduledDate' not found,334,,7
743,9/29/2021,error: Field 'ScheduledDate' not found,,937,16
744,5/25/2007,error: Field 'ScheduledDate' not found,824,,22
745,12/7/2011,error: Field 'ScheduledDate' not found,,151,48
746,10/3/2000,error: Field 'ScheduledDate' not found,727,,34
747,12/21/2004,error: Field 'ScheduledDate' not found,866,,1
748,10/26/1997,error: Field 'ScheduledDate' not found,965,,2
749,1/22/2001,error: Field 'ScheduledDate' not found,177,,21
750,9/26/2000,error: Field 'ScheduledDate' not found,811,,32
751,1/18/2004,error: Field 'ScheduledDate' not found,615,,21
752,2/4/2012,error: Field 'ScheduledDate' not found,76,,35
753,11/5/2001,error: Field 'ScheduledDate' not found,690,,12
754,12/19/1998,error: Field 'ScheduledDate' not found,64,,44
755,7/26/2010,error: Field 'ScheduledDate' not found,562,,23
756,11/15/2022,error: Field 'ScheduledDate' not found,79,,26
757,8/21/2004,error: Field 'ScheduledDate' not found,661,,11
758,10/28/2009,error: Field 'ScheduledDate' not found,,50,16
759,11/27/1999,error: Field 'ScheduledDate' not found,923,,9
760,4/21/2007,error: Field 'ScheduledDate' not found,,307,30
761,5/23/2015,error: Field 'ScheduledDate' not found,447,,45
762,4/26/2002,error: Field 'ScheduledDate' not found,,135,15
763,11/9/2018,error: Field 'ScheduledDate' not found,216,,14
764,4/30/2022,error: Field 'ScheduledDate' not found,543,,33
765,7/9/1997,error: Field 'ScheduledDate' not found,78,,46
766,9/21/2000,error: Field 'ScheduledDate' not found,862,,22
767,3/22/2013,error: Field 'ScheduledDate' not found,,636,11
768,5/5/2020,error: Field 'ScheduledDate' not found,666,,44
769,1/6/2003,error: Field 'ScheduledDate' not found,,597,29
770,11/14/2013,error: Field 'ScheduledDate' not found,,777,30
771,7/23/2017,error: Field 'ScheduledDate' not found,100,,22
772,2/28/2002,error: Field 'ScheduledDate' not found,647,,2
773,11/23/2013,error: Field 'ScheduledDate' not found,,610,13
774,2/2/2020,error: Field 'ScheduledDate' not found,325,,27
775,12/3/2008,error: Field 'ScheduledDate' not found,558,,41
776,2/6/2010,error: Field 'ScheduledDate' not found,756,,12
777,8/17/2002,error: Field 'ScheduledDate' not found,847,,4
778,3/31/2011,error: Field 'ScheduledDate' not found,976,,38
779,4/13/2005,error: Field 'ScheduledDate' not found,628,,37
780,6/2/2021,error: Field 'ScheduledDate' not found,567,,44
781,10/7/2011,error: Field 'ScheduledDate' not found,142,,31
782,10/18/2006,error: Field 'ScheduledDate' not found,459,,49
783,1/30/2005,error: Field 'ScheduledDate' not found,817,,19
784,2/20/2023,error: Field 'ScheduledDate' not found,,480,14
785,4/22/2017,error: Field 'ScheduledDate' not found,878,,34
786,10/29/2019,error: Field 'ScheduledDate' not found,,559,16
787,12/19/2001,error: Field 'ScheduledDate' not found,356,,28
788,2/25/2014,error: Field 'ScheduledDate' not found,219,,36
789,1/5/2015,error: Field 'ScheduledDate' not found,,878,44
790,12/17/2000,error: Field 'ScheduledDate' not found,,817,43
791,4/13/2021,error: Field 'ScheduledDate' not found,684,,25
792,12/6/1998,error: Field 'ScheduledDate' not found,,395,5
793,5/11/2020,error: Field 'ScheduledDate' not found,248,,36
794,7/5/1998,error: Field 'ScheduledDate' not found,56,,42
795,8/13/1998,error: Field 'ScheduledDate' not found,584,,26
796,10/19/2017,error: Field 'ScheduledDate' not found,31,,1
797,10/30/1998,error: Field 'ScheduledDate' not found,874,,6
798,7/1/2005,error: Field 'ScheduledDate' not found,742,,38
799,10/29/2023,error: Field 'ScheduledDate' not found,,6,6
800,12/4/2005,error: Field 'ScheduledDate' not found,,681,25
801,2/12/2008,error: Field 'ScheduledDate' not found,387,,22
802,3/21/2005,error: Field 'ScheduledDate' not found,743,,30
803,4/25/2001,error: Field 'ScheduledDate' not found,,510,20
804,3/12/1999,error: Field 'ScheduledDate' not found,721,,19
805,11/25/2016,error: Field 'ScheduledDate' not found,,251,43
806,8/16/2022,error: Field 'ScheduledDate' not found,293,,22
807,8/18/2003,error: Field 'ScheduledDate' not found,272,,7
808,12/5/2013,error: Field 'ScheduledDate' not found,,51,38
809,3/11/2001,error: Field 'ScheduledDate' not found,,761,24
810,5/30/1999,error: Field 'ScheduledDate' not found,,1,33
811,5/26/2020,error: Field 'ScheduledDate' not found,618,,24
812,10/19/2023,error: Field 'ScheduledDate' not found,288,,29
813,12/8/2014,error: Field 'ScheduledDate' not found,545,,7
814,12/18/2011,error: Field 'ScheduledDate' not found,317,,24
815,10/11/2022,error: Field 'ScheduledDate' not found,,481,32
816,8/27/2019,error: Field 'ScheduledDate' not found,,754,42
817,12/17/1998,error: Field 'ScheduledDate' not found,922,,5
818,8/11/2019,error: Field 'ScheduledDate' not found,890,,40
819,8/17/1998,,813,,9
820,7/21/2014,error: Field 'ScheduledDate' not found,268,,50
821,6/9/2017,error: Field 'ScheduledDate' not found,245,,33
822,2/13/1998,error: Field 'ScheduledDate' not found,,886,43
823,5/13/2019,error: Field 'ScheduledDate' not found,,909,14
824,12/12/2019,error: Field 'ScheduledDate' not found,790,,10
825,12/6/2013,error: Field 'ScheduledDate' not found,154,,19
826,7/16/2013,error: Field 'ScheduledDate' not found,699,,20
827,10/11/2009,error: Field 'ScheduledDate' not found,344,,41
828,4/7/2020,error: Field 'ScheduledDate' not found,919,,9
829,1/22/2004,error: Field 'ScheduledDate' not found,913,,41
830,1/1/1998,error: Field 'ScheduledDate' not found,255,,30
831,1/20/2008,error: Field 'ScheduledDate' not found,,723,25
832,9/29/1997,error: Field 'ScheduledDate' not found,,725,1
833,2/10/2012,error: Field 'ScheduledDate' not found,717,,1
834,3/26/2016,error: Field 'ScheduledDate' not found,208,,21
835,9/17/2007,error: Field 'ScheduledDate' not found,207,,35
836,6/13/2004,error: Field 'ScheduledDate' not found,414,,48
837,12/18/2003,error: Field 'ScheduledDate' not found,88,,1
838,10/28/2009,error: Field 'ScheduledDate' not found,,900,39
839,10/14/1998,error: Field 'ScheduledDate' not found,792,,14
840,8/8/2008,error: Field 'ScheduledDate' not found,523,,35
841,2/23/2006,error: Field 'ScheduledDate' not found,717,,36
842,10/1/2021,error: Field 'ScheduledDate' not found,,556,3
843,5/1/2015,error: Field 'ScheduledDate' not found,651,,49
844,11/3/2000,,91,,47
845,10/18/2012,,613,,27
846,5/22/2005,error: Field 'ScheduledDate' not found,943,,16
847,8/18/2006,error: Field 'ScheduledDate' not found,145,,39
848,11/25/2001,error: Field 'ScheduledDate' not found,995,,43
849,11/6/2014,error: Field 'ScheduledDate' not found,251,,13
850,10/7/2014,error: Field 'ScheduledDate' not found,827,,31
851,6/24/2005,error: Field 'ScheduledDate' not found,825,,40
852,8/6/2017,error: Field 'ScheduledDate' not found,,289,38
853,3/6/2009,error: Field 'ScheduledDate' not found,10,,48
854,5/4/2021,error: Field 'ScheduledDate' not found,,570,25
855,9/3/2022,error: Field 'ScheduledDate' not found,,836,26
856,12/4/2008,error: Field 'ScheduledDate' not found,,919,41
857,4/23/1999,error: Field 'ScheduledDate' not found,565,,36
858,5/21/2005,error: Field 'ScheduledDate' not found,612,,16
859,9/24/2019,error: Field 'ScheduledDate' not found,,93,23
860,4/3/1999,error: Field 'ScheduledDate' not found,669,,41
861,10/14/2018,error: Field 'ScheduledDate' not found,837,,7
862,7/25/2023,error: Field 'ScheduledDate' not found,772,,14
863,1/11/2014,error: Field 'ScheduledDate' not found,375,,17
864,5/14/2009,error: Field 'ScheduledDate' not found,265,,15
865,12/24/2019,error: Field 'ScheduledDate' not found,185,,34
866,7/1/2021,error: Field 'ScheduledDate' not found,,620,32
867,12/9/2015,error: Field 'ScheduledDate' not found,952,,1
868,8/21/2022,error: Field 'ScheduledDate' not found,,796,50
869,8/8/1998,,,522,41
870,6/9/2012,error: Field 'ScheduledDate' not found,818,,18
871,9/13/2009,error: Field 'ScheduledDate' not found,256,,16
872,11/22/2011,error: Field 'ScheduledDate' not found,158,,6
873,1/18/2007,error: Field 'ScheduledDate' not found,,158,4
874,1/11/2007,error: Field 'ScheduledDate' not found,792,,37
875,11/9/2013,error: Field 'ScheduledDate' not found,914,,6
876,6/16/2000,error: Field 'ScheduledDate' not found,,282,7
877,8/3/2000,error: Field 'ScheduledDate' not found,800,,45
878,5/28/2002,error: Field 'ScheduledDate' not found,,935,8
879,2/14/2015,error: Field 'ScheduledDate' not found,671,,43
880,12/11/2022,error: Field 'ScheduledDate' not found,906,,34
881,11/20/2000,error: Field 'ScheduledDate' not found,,148,31
882,1/17/2005,error: Field 'ScheduledDate' not found,308,,15
883,2/6/2019,error: Field 'ScheduledDate' not found,184,,26
884,6/6/2001,error: Field 'ScheduledDate' not found,618,,34
885,1/20/2007,error: Field 'ScheduledDate' not found,,993,23
886,5/9/1999,error: Field 'ScheduledDate' not found,143,,47
887,6/1/2012,error: Field 'ScheduledDate' not found,597,,2
888,4/27/2020,error: Field 'ScheduledDate' not found,501,,30
889,12/13/2017,error: Field 'ScheduledDate' not found,560,,4
890,6/10/2005,error: Field 'ScheduledDate' not found,999,,11
891,5/25/2004,error: Field 'ScheduledDate' not found,,913,50
892,2/13/2002,error: Field 'ScheduledDate' not found,423,,18
893,7/23/2019,error: Field 'ScheduledDate' not found,973,,34
894,5/21/1998,error: Field 'ScheduledDate' not found,450,,34
895,11/22/2023,error: Field 'ScheduledDate' not found,143,,37
896,8/15/2011,error: Field 'ScheduledDate' not found,,571,41
897,8/1/2012,error: Field 'ScheduledDate' not found,652,,32
898,12/29/2018,error: Field 'ScheduledDate' not found,,434,17
899,4/8/2004,error: Field 'ScheduledDate' not found,289,,50
900,2/13/2024,error: Field 'ScheduledDate' not found,,565,26
901,5/11/2012,error: Field 'ScheduledDate' not found,833,,29
902,9/10/2012,error: Field 'ScheduledDate' not found,732,,35
903,9/18/2000,error: Field 'ScheduledDate' not found,100,,35
904,12/7/2000,error: Field 'ScheduledDate' not found,2,,47
905,2/1/2024,error: Field 'ScheduledDate' not found,,285,50
906,6/12/2006,error: Field 'ScheduledDate' not found,96,,49
907,11/29/2004,error: Field 'ScheduledDate' not found,925,,17
908,6/4/1998,error: Field 'ScheduledDate' not found,,33,44
909,6/8/1998,error: Field 'ScheduledDate' not found,523,,14
910,8/6/2000,error: Field 'ScheduledDate' not found,674,,15
911,8/19/2002,error: Field 'ScheduledDate' not found,584,,45
912,3/6/2021,error: Field 'ScheduledDate' not found,918,,5
913,7/27/2013,error: Field 'ScheduledDate' not found,,494,45
914,12/20/1997,error: Field 'ScheduledDate' not found,772,,13
915,3/22/2021,error: Field 'ScheduledDate' not found,,497,47
916,11/13/2012,error: Field 'ScheduledDate' not found,907,,41
917,7/29/2010,error: Field 'ScheduledDate' not found,,783,22
918,8/26/2002,error: Field 'ScheduledDate' not found,450,,5
919,9/19/2011,error: Field 'ScheduledDate' not found,911,,10
920,2/4/1998,error: Field 'ScheduledDate' not found,202,,40
921,12/8/1998,error: Field 'ScheduledDate' not found,737,,22
922,10/4/2017,error: Field 'ScheduledDate' not found,559,,17
923,10/22/2018,error: Field 'ScheduledDate' not found,559,,38
924,9/29/2023,error: Field 'ScheduledDate' not found,115,,44
925,9/28/2019,error: Field 'ScheduledDate' not found,34,,42
926,9/22/2004,error: Field 'ScheduledDate' not found,91,,46
927,3/2/2003,error: Field 'ScheduledDate' not found,568,,24
928,12/18/2016,error: Field 'ScheduledDate' not found,,886,33
929,8/5/2011,error: Field 'ScheduledDate' not found,379,,40
930,3/26/2017,error: Field 'ScheduledDate' not found,494,,28
931,6/3/1999,error: Field 'ScheduledDate' not found,21,,4
932,10/5/2023,error: Field 'ScheduledDate' not found,,167,42
933,9/11/2000,error: Field 'ScheduledDate' not found,,661,13
934,1/25/2001,error: Field 'ScheduledDate' not found,339,,8
935,9/13/1998,error: Field 'ScheduledDate' not found,438,,46
936,8/21/2004,error: Field 'ScheduledDate' not found,607,,17
937,3/5/2015,error: Field 'ScheduledDate' not found,972,,20
938,1/24/2015,error: Field 'ScheduledDate' not found,524,,45
939,1/16/2020,error: Field 'ScheduledDate' not found,,66,19
940,10/2/2014,error: Field 'ScheduledDate' not found,496,,8
941,4/13/2004,error: Field 'ScheduledDate' not found,,483,43
942,1/1/1999,error: Field 'ScheduledDate' not found,631,,10
943,7/30/2020,error: Field 'ScheduledDate' not found,,843,38
944,3/2/2017,error: Field 'ScheduledDate' not found,,750,33
945,9/15/2016,error: Field 'ScheduledDate' not found,,294,46
946,7/23/1997,error: Field 'ScheduledDate' not found,85,,14
947,1/19/2015,error: Field 'ScheduledDate' not found,734,,21
948,10/12/2010,error: Field 'ScheduledDate' not found,,155,16
949,3/30/2019,error: Field 'ScheduledDate' not found,329,,49
950,1/21/1999,error: Field 'ScheduledDate' not found,994,,10
951,11/20/2008,error: Field 'ScheduledDate' not found,908,,15
952,11/20/2005,error: Field 'ScheduledDate' not found,793,,34
953,12/24/1999,error: Field 'ScheduledDate' not found,112,,17
954,11/14/1998,error: Field 'ScheduledDate' not found,,255,4
955,1/21/2012,error: Field 'ScheduledDate' not found,939,,23
956,6/23/1999,error: Field 'ScheduledDate' not found,,722,23
957,6/9/2001,error: Field 'ScheduledDate' not found,375,,39
958,7/6/2005,error: Field 'ScheduledDate' not found,589,,16
959,8/6/1998,error: Field 'ScheduledDate' not found,161,,12
960,1/9/1999,error: Field 'ScheduledDate' not found,,87,45
961,9/20/2021,error: Field 'ScheduledDate' not found,151,,8
962,5/24/2000,error: Field 'ScheduledDate' not found,259,,46
963,6/20/2002,error: Field 'ScheduledDate' not found,905,,42
964,3/11/2021,error: Field 'ScheduledDate' not found,871,,13
965,4/11/2014,error: Field 'ScheduledDate' not found,791,,41
966,7/31/2001,error: Field 'ScheduledDate' not found,877,,11
967,11/30/2015,error: Field 'ScheduledDate' not found,999,,49
968,3/11/2019,error: Field 'ScheduledDate' not found,,670,34
969,12/10/2016,error: Field 'ScheduledDate' not found,,616,11
970,4/8/2014,error: Field 'ScheduledDate' not found,859,,25
971,1/9/2000,error: Field 'ScheduledDate' not found,454,,5
972,6/11/2023,error: Field 'ScheduledDate' not found,644,,38
973,7/24/2022,error: Field 'ScheduledDate' not found,176,,11
974,9/27/2014,error: Field 'ScheduledDate' not found,362,,15
975,10/14/2000,error: Field 'ScheduledDate' not found,258,,21
976,9/24/2001,error: Field 'ScheduledDate' not found,563,,19
977,12/7/2023,error: Field 'ScheduledDate' not found,553,,34
978,7/31/2008,error: Field 'ScheduledDate' not found,126,,50
979,1/9/2018,error: Field 'ScheduledDate' not found,,366,35
980,7/9/2002,error: Field 'ScheduledDate' not found,615,,23
981,11/8/1998,error: Field 'ScheduledDate' not found,317,,7
982,2/12/2024,error: Field 'ScheduledDate' not found,315,,40
983,8/26/2001,error: Field 'ScheduledDate' not found,636,,4
984,11/17/2003,error: Field 'ScheduledDate' not found,,946,46
985,1/22/1998,error: Field 'ScheduledDate' not found,689,,37
986,2/28/2014,error: Field 'ScheduledDate' not found,164,,31
987,3/22/1998,error: Field 'ScheduledDate' not found,,339,45
988,7/23/2022,error: Field 'ScheduledDate' not found,,719,47
989,2/20/2000,error: Field 'ScheduledDate' not found,,268,13
990,5/25/2014,error: Field 'ScheduledDate' not found,438,,19
991,11/10/2014,error: Field 'ScheduledDate' not found,974,,50
992,7/17/2016,error: Field 'ScheduledDate' not found,281,,20
993,4/4/2011,error: Field 'ScheduledDate' not found,546,,39
994,2/7/2020,error: Field 'ScheduledDate' not found,750,,24
995,7/9/2009,error: Field 'ScheduledDate' not found,236,,1
996,11/6/2005,error: Field 'ScheduledDate' not found,,850,9
997,11/30/1999,error: Field 'ScheduledDate' not found,339,,2
998,1/14/1998,error: Field 'ScheduledDate' not found,647,,15
999,9/6/2012,error: Field 'ScheduledDate' not found,282,,11
1000,8/28/2017,error: Field 'ScheduledDate' not found,474,,17
